index,$p_x$ [pixel],$p_y$ [pixel],Skyrmion diameter $d_A=2\sqrt{A/\pi}$ [pixel],Skyrmion manjor axis $a_1$ [pixel],Skyrmion minor axis $a_2$ [pixel],Skyrmion orientation [°],Skyrmion ellipticity $(a_1-a_2)/a_1$ [1],Skyrmion convex hull diameter $d_H$ [1],Skyrmion diameter to convex hull diameter ratio $(d_H-d_A)/d_H$ [1],Skyrmion hole area [$\mathrm{pixel}^2$]
0,40.696969696969695,4.181818181818182,6.4820448144285745,8.4648584863387,5.912196542708252,-5.960868005877202,0.3015599076759698,7.442171739215616,0.1290116592886146,0.0
1,155.2,3.72,5.641895835477563,8.182023381025163,4.113404112454494,65.38333416367449,0.4972632170675725,6.333012368467128,0.10912919362525207,0.0
2,426.4583333333333,4.625,5.527906391541368,8.932034236665904,3.455573268974391,69.87493267772555,0.6131258370249747,6.128667601500942,0.09802476639660539,0.0
3,3.75,5.9,5.046265044040321,6.670160799150399,3.788001440532634,34.134593279568364,0.43209743294117825,5.527906391541368,0.08712907082472308,0.0
4,25.2,5.4,2.5231325220201604,3.098386676965933,1.7888543819998317,-18.43494882292202,0.4226497308103742,2.6462837142006137,0.04653741075440761,0.0
5,31.333333333333332,6.555555555555555,3.385137501286538,4.277662731533559,2.643019518000728,83.95262146149396,0.3821346646809636,3.656366395715726,0.07417990022744857,0.0
6,53.2,6.0,3.5682482323055424,3.919183588453085,3.0983866769659336,-0.0,0.2094305849579051,3.742410318509555,0.046537410754407656,0.0
7,69.66666666666667,4.333333333333333,1.9544100476116797,2.309401076758503,1.3333333333333335,-45.0,0.42264973081037416,2.111004122822376,0.07417990022744858,0.0
8,129.36363636363637,6.090909090909091,3.742410318509555,4.346129984141888,3.0673563246059063,-15.07069277603768,0.29423272295167363,3.826519928662906,0.021980706156348437,0.0
9,197.11764705882354,5.588235294117647,4.652426491681278,5.181899763382574,4.041201040002321,-15.171624442119768,0.22013137564738272,4.853342309955121,0.04139741346117837,0.0
10,277.5,5.0,3.5682482323055424,4.3817804600413295,2.6832815729997477,26.565051177077986,0.38762756430420553,3.742410318509555,0.046537410754407656,0.0
11,300.875,4.875,3.1915382432114616,3.4641016151377544,2.7386127875258306,45.0,0.20943058495790512,3.2897623212397704,0.029857499854668026,0.0
12,345.0769230769231,5.615384615384615,4.068428945128219,5.1234269068136316,3.624239522320992,81.17493789003495,0.29261418417014484,4.583497844237541,0.11237463540140545,0.0
13,13.333333333333334,7.333333333333333,1.9544100476116797,2.309401076758503,1.3333333333333335,45.0,0.42264973081037416,2.111004122822376,0.07417990022744858,0.0
14,99.625,7.5,3.1915382432114616,4.549201735783089,2.656080489583877,-76.95228792130584,0.4161436129130761,3.656366395715726,0.1271284390560305,0.0
15,207.38888888888889,9.583333333333334,6.770275002573076,8.658635330915814,5.275462381821982,-68.74708082793127,0.3907281944319969,7.1809610472257885,0.05719095841793663,0.0
16,371.8888888888889,7.666666666666667,3.385137501286538,3.8857533750574067,2.795442890696133,69.69935267749776,0.28059178726060197,3.656366395715726,0.07417990022744857,0.0
17,107.25,10.375,3.1915382432114616,4.1204045563213505,2.4025541184843804,70.67009587295496,0.41691305170544884,3.5682482323055424,0.10557280900008412,0.0
18,120.44186046511628,10.372093023255815,7.399277020331919,10.295199986535096,5.78047931112504,-2.037454554043614,0.43852675822857023,8.175883811466258,0.09498750337488752,0.0
19,176.05555555555554,9.666666666666666,4.787307364817192,5.75425292822143,3.965864270357043,40.670230980062115,0.3107942386566515,5.170882945826411,0.07417990022744866,0.0
20,307.5,10.0,3.1915382432114616,3.4641016151377544,2.8284271247461903,-0.0,0.18350341907227385,3.5682482323055424,0.10557280900008412,0.0
21,355.5,12.0,5.753627391751592,7.656106540377183,4.242572009733992,-82.08692296191373,0.44585776238101055,5.863230142835039,0.018693237074683667,0.0
22,219.3095238095238,15.452380952380953,7.312732791431452,12.42254115687238,4.630836160070097,59.71914366512402,0.627223117911891,8.291859587312052,0.11808289631180312,0.0
23,324.6363636363636,11.545454545454545,3.742410318509555,4.0,3.4688698233343476,71.56505117707803,0.1327825441664131,4.145929793656026,0.09732906615155999,0.0
24,13.071428571428571,15.892857142857142,5.970821321441846,7.367309491385072,4.753977479811571,67.22592832316671,0.3547199984783303,6.231677632421503,0.04185972483918319,0.0
25,72.0,13.0,1.1283791670955126,0.0,0.0,-90.0,0.0,1.1283791670955126,0.0,0.0
26,395.578125,18.71875,9.0270333367641,14.872279874678041,5.869583467269762,-61.89140674400053,0.6053339826354749,10.092530088080641,0.10557280900008424,0.0
27,433.45454545454544,13.545454545454545,3.742410318509555,6.8345850831961625,2.2042446947734278,-20.065029141859455,0.6774866845695009,4.51351666838205,0.17084380241115,0.0
28,186.5,15.5,3.9088200952233594,3.8297084310253524,3.8297084310253524,-90.0,0.0,4.222008245644752,0.07417990022744858,0.0
29,297.2857142857143,15.5,4.222008245644752,4.20883424647321,4.120630029101703,-90.0,0.02095692351045145,4.370193722368317,0.03390821692070415,0.0
30,342.8,16.5,3.5682482323055424,4.09878030638384,2.9933259094191533,-90.0,0.2697032566597785,3.742410318509555,0.046537410754407656,0.0
31,366.6,16.7,5.046265044040321,6.484815998368868,3.8402033106723916,69.04382564249255,0.40781614904134184,5.232078956954491,0.035514355659175635,0.0
32,27.166666666666668,18.333333333333332,3.9088200952233594,5.12600213025467,3.3914421620311286,3.4556135595123374,0.3383845585989573,4.583497844237541,0.14719713457755823,0.0
33,52.0,17.0,1.9544100476116797,3.265986323710904,0.0,-0.0,1.0,1.9544100476116797,0.0,0.0
34,157.5,19.0,4.51351666838205,4.898979485566356,4.0,-90.0,0.18350341907227388,4.787307364817192,0.057190958417936574,0.0
35,197.2,19.24,5.641895835477563,6.132060986158658,5.172642270835179,-83.86761313605382,0.15645942163476315,5.863230142835039,0.0377495513506237,0.0
36,227.33333333333334,16.333333333333332,1.9544100476116797,2.3094010767585034,1.3333333333333335,45.0,0.42264973081037427,2.111004122822376,0.07417990022744858,0.0
37,282.5,17.5,1.5957691216057308,2.8284271247461903,0.0,45.0,1.0,1.9544100476116797,0.1835034190722739,0.0
38,46.666666666666664,19.0,3.385137501286538,4.25044367047193,2.612014068307059,35.782525588538995,0.3854726069062233,3.656366395715726,0.07417990022744857,0.0
39,133.3235294117647,19.91176470588235,6.579524642479541,8.186516444982944,5.213601493933563,6.158604923595823,0.36314774068172956,6.817128675830715,0.03485397513377884,0.0
40,167.15384615384616,20.653846153846153,5.753627391751592,6.371547438102488,5.161975086563813,-86.49174912763856,0.18983965250031917,5.970821321441846,0.03637588834056854,0.0
41,376.3333333333333,19.666666666666668,1.9544100476116797,2.3094010767585034,1.3333333333333335,-45.0,0.42264973081037427,2.111004122822376,0.07417990022744858,0.0
42,22.625,21.8125,4.51351666838205,4.928175409000944,4.230908547595703,39.070110439526005,0.14148580428605173,5.046265044040321,0.10557280900008424,0.0
43,143.4516129032258,23.806451612903224,6.282549314314218,7.875046624753912,4.99596910070974,50.28136319526875,0.36559498136738217,6.627726932618989,0.05208084488302421,0.0
44,280.5,21.0,2.763953195770684,3.265986323710904,2.0,-90.0,0.3876275643042055,2.763953195770684,0.0,0.0
45,431.2352941176471,23.705882352941178,4.652426491681278,6.479249970467837,3.3583977416510367,79.54058751946083,0.4816687491671907,5.108953969950291,0.08935830719051381,0.0
46,68.625,23.5625,4.51351666838205,5.042040092329001,4.03303009006218,-66.25522353900043,0.20011939290247552,4.720348719413148,0.04381711253248512,0.0
47,86.0,22.0,1.1283791670955126,0.0,0.0,-90.0,0.0,1.1283791670955126,0.0,0.0
48,88.0,22.0,1.1283791670955126,0.0,0.0,-90.0,0.0,1.1283791670955126,0.0,0.0
49,383.3478260869565,24.217391304347824,5.4115163798060095,6.127152016204829,4.803174423319176,34.72197739020826,0.21608368608842307,5.753627391751592,0.0594600568740397,0.0
50,3.6216216216216215,29.216216216216218,6.863662517577698,12.250129069073056,4.359326955975392,-75.59527465786334,0.6441403244492301,7.898654169668588,0.13103392424311147,0.0
51,86.85714285714286,25.285714285714285,2.985410660720923,4.171648923377196,3.26787054718315,75.47269795046141,0.21664775555043211,3.656366395715726,0.18350341907227402,0.0
52,99.21739130434783,27.217391304347824,5.4115163798060095,6.7243878014543315,4.319910382043207,45.00000000000002,0.35757566196451235,5.917270272703197,0.08547081163932423,0.0
53,203.91666666666666,27.166666666666668,3.9088200952233594,4.894994431930092,2.9693109114997,80.58312354367058,0.3933985109092549,4.145929793656026,0.057190958417936685,0.0
54,251.58823529411765,26.88235294117647,4.652426491681278,5.181899763382573,4.041201040002321,74.82837555788022,0.2201313756473826,4.853342309955121,0.04139741346117837,0.0
55,341.0,24.714285714285715,2.985410660720923,3.0237157840738176,2.799416848895061,-0.0,0.07417990022744843,3.1915382432114616,0.0645856533065147,0.0
56,391.94444444444446,27.11111111111111,4.787307364817192,5.385930481961369,4.225630174819322,-51.52583267105562,0.21543172735484423,5.170882945826411,0.07417990022744866,0.0
57,400.390243902439,32.890243902439025,10.217907939900583,21.07184470554858,5.689671667123185,62.24256003652651,0.729987016009804,11.807613228273542,0.13463392284618383,0.0
58,349.7,29.5,5.046265044040321,6.613378634067305,3.850093900473346,58.84973640402749,0.4178325310696005,5.527906391541368,0.08712907082472308,0.0
59,41.75,30.083333333333332,3.9088200952233594,5.294328785763616,2.862220279862641,-85.16332228379824,0.4593799524579744,4.145929793656026,0.057190958417936685,0.0
60,306.7142857142857,30.5,4.222008245644752,4.20883424647321,4.120630029101703,-90.0,0.02095692351045145,4.370193722368317,0.03390821692070415,0.0
61,180.6315789473684,32.78947368421053,4.918490759365935,5.1270732058481325,4.711757099842153,-83.73559614542424,0.08100452038255561,5.232078956954491,0.05993567760894247,0.0
62,196.83333333333334,33.541666666666664,5.527906391541368,6.426385968277768,4.714800225301213,58.09589702510333,0.26633721525992465,5.808687281605183,0.04833809713822693,0.0
63,234.875,31.125,3.1915382432114616,3.4641016151377544,2.7386127875258306,-45.0,0.20943058495790512,3.2897623212397704,0.029857499854668026,0.0
64,370.94736842105266,32.63157894736842,4.918490759365935,5.706236008175414,4.175323993751543,34.34867211125857,0.2682875387962414,5.232078956954491,0.05993567760894247,0.0
65,389.5925925925926,33.074074074074076,5.863230142835039,6.4215006812561155,5.265410570825909,-12.491578503655065,0.1800342580052584,6.023896332520351,0.026671473215424887,0.0
66,25.55,35.3,5.046265044040321,10.692861883651993,3.127731564111973,-17.617223727994865,0.7074935037836904,6.333012368467128,0.2031809271104041,1.0
67,61.407407407407405,34.407407407407405,5.863230142835039,7.089781750430562,4.881702231715446,52.802799136337725,0.3114453443621194,6.231677632421503,0.05912492771923012,0.0
68,324.3333333333333,34.333333333333336,2.763953195770684,4.280786335436143,2.1876881545262115,-33.40070474317591,0.4889517992485085,3.385137501286538,0.18350341907227397,0.0
69,82.33333333333333,35.666666666666664,1.9544100476116797,2.309401076758503,1.3333333333333335,-45.0,0.42264973081037416,2.111004122822376,0.07417990022744858,0.0
70,148.71428571428572,35.5,4.222008245644752,4.20883424647321,4.120630029101703,-90.0,0.02095692351045145,4.370193722368317,0.03390821692070415,0.0
71,353.85714285714283,36.07142857142857,4.222008245644752,5.390979766146215,3.2448688564710855,66.87537866065138,0.3980929261044684,4.583497844237541,0.07886762705632334,0.0
72,52.75,37.5625,4.51351666838205,4.999309771558982,3.9930441780670143,27.99032500508677,0.20128090465939955,4.787307364817192,0.057190958417936574,0.0
73,110.0,36.0,1.1283791670955126,0.0,0.0,-90.0,0.0,1.1283791670955126,0.0,0.0
74,127.96428571428571,39.785714285714285,5.970821321441846,7.56268509442409,4.756271721967529,72.65777098301545,0.37108690067310984,6.333012368467128,0.05719095841793658,0.0
75,141.6875,39.84375,6.383076486422923,7.40883843290955,5.536784994474894,79.6549623764339,0.2526783996421252,6.817128675830715,0.06367082243095545,0.0
76,207.13333333333333,39.733333333333334,7.569397566060481,10.589509014388444,5.4197241576760185,38.49531193141863,0.48819873043103373,8.136857890256438,0.0697394905809365,0.0
77,362.0,38.0,3.385137501286538,3.265986323710904,3.265986323710904,-90.0,0.0,3.385137501286538,0.0,0.0
78,109.25,38.25,2.256758334191025,3.4641016151377544,1.4142135623730951,-18.43494882292201,0.591751709536137,2.5231325220201604,0.10557280900008424,0.0
79,114.0,39.0,1.1283791670955126,0.0,0.0,-90.0,0.0,1.1283791670955126,0.0,0.0
80,116.0,39.0,1.1283791670955126,0.0,0.0,-90.0,0.0,1.1283791670955126,0.0,0.0
81,162.55882352941177,40.73529411764706,6.579524642479541,8.933696901779594,4.9182374553424815,43.11667222235529,0.4494734364266637,7.136496464611085,0.07804555427071135,0.0
82,226.11764705882354,39.529411764705884,4.652426491681278,5.487954724560283,3.8805700005813284,30.963756532073504,0.29289321881345237,4.853342309955121,0.04139741346117837,0.0
83,243.26470588235293,42.088235294117645,6.579524642479541,7.221730305701509,6.001058353083261,-75.7065336031575,0.16902762924482737,6.90988298942671,0.04780954286095341,0.0
84,283.0,39.0,1.1283791670955126,0.0,0.0,-90.0,0.0,1.1283791670955126,0.0,0.0
85,329.25,39.583333333333336,3.9088200952233594,4.418071998329191,3.371873174730685,57.93317839704724,0.23679985839844928,4.222008245644752,0.07417990022744858,0.0
86,418.84615384615387,40.46153846153846,4.068428945128219,4.3616645597524775,3.7565911332956428,-76.2235942116411,0.13872534629099775,4.296739856991561,0.05313584705200135,0.0
87,91.83333333333333,42.166666666666664,2.763953195770684,3.126943839882286,2.309401076758503,44.99999999999999,0.2614510541240036,3.0901936161855166,0.10557280900008405,0.0
88,294.5,42.5,4.51351666838205,4.47213595499958,4.47213595499958,-90.0,0.0,4.51351666838205,0.0,0.0
89,386.85185185185185,42.48148148148148,5.863230142835039,6.83543741189758,5.06565723075754,-86.88924374478282,0.2589124988635852,6.180387232371033,0.05131670194948625,0.0
90,34.68181818181818,43.95454545454545,5.292567428401227,6.044641631322673,4.63095871534836,15.417307624615889,0.23387373515226487,5.698035485213008,0.07115927197435196,0.0
91,72.78125,45.34375,6.383076486422923,8.362317934671838,4.94119305021224,85.19769629760684,0.4091120322362932,6.817128675830715,0.06367082243095545,0.0
92,187.33333333333334,45.256410256410255,7.046725639945928,8.166662931257378,6.060718565680237,-74.62851767982502,0.25787085659146936,7.312732791431452,0.03637588834056855,0.0
93,334.85714285714283,44.857142857142854,5.170882945826411,6.110100926607787,4.288887713980078,45.00000000000003,0.2980659786971494,5.352372348458314,0.0339082169207041,0.0
94,410.1111111111111,43.333333333333336,3.385137501286538,3.885753375057407,2.795442890696133,69.69935267749776,0.280591787260602,3.656366395715726,0.07417990022744857,0.0
95,139.73333333333332,47.333333333333336,4.370193722368317,4.777953835885259,3.9819092890965986,84.11585553398967,0.16660783551525654,4.652426491681278,0.06066356337227567,0.0
96,267.5,46.5,3.9088200952233594,3.8297084310253524,3.8297084310253524,-90.0,0.0,4.222008245644752,0.07417990022744858,0.0
97,306.0,46.2,3.5682482323055424,3.9191835884530843,3.0983866769659336,-90.0,0.209430584957905,3.742410318509555,0.046537410754407656,0.0
98,363.7142857142857,46.0,2.985410660720923,3.0237157840738176,2.799416848895061,-90.0,0.07417990022744843,3.1915382432114616,0.0645856533065147,0.0
99,172.8095238095238,48.04761904761905,5.170882945826411,5.602338368222781,4.7002407233912535,53.86381472718883,0.161021628030957,5.4115163798060095,0.04446691409409075,0.0
100,237.71428571428572,47.5,4.222008245644752,4.20883424647321,4.120630029101703,-90.0,0.02095692351045145,4.370193722368317,0.03390821692070415,0.0
101,256.0,46.5,1.5957691216057308,2.0,0.0,-90.0,1.0,1.5957691216057308,0.0,0.0
102,281.4166666666667,49.791666666666664,5.527906391541368,5.802795884510544,5.371716457565987,73.97979746308,0.07428822855810607,6.076507779746499,0.09028234770531594,0.0
103,431.2,47.6,2.5231325220201604,3.0983866769659336,1.7888543819998317,18.434948822922017,0.42264973081037427,2.6462837142006137,0.04653741075440761,0.0
104,58.0,48.0,1.1283791670955126,0.0,0.0,-90.0,0.0,1.1283791670955126,0.0,0.0
105,129.24324324324326,51.86486486486486,6.863662517577698,7.8565999219611165,6.041062542599303,49.69189353679727,0.23108436186077674,7.269074295019226,0.055772132872450676,0.0
106,198.5,50.285714285714285,4.222008245644752,4.20883424647321,4.120630029101702,-0.0,0.020956923510451662,4.370193722368317,0.03390821692070415,0.0
107,403.63157894736844,50.21052631578947,4.918490759365935,5.1270732058481325,4.711757099842152,83.73559614542428,0.08100452038255579,5.232078956954491,0.05993567760894247,0.0
108,58.714285714285715,51.42857142857143,2.985410660720923,3.703280399090206,2.6802375770419595,-71.56505117707799,0.27625313554425424,3.477898169151024,0.14160492472104783,0.0
109,96.11764705882354,53.76470588235294,4.652426491681278,5.75442395006464,4.074661701135572,-85.17408326659789,0.29190797610770397,5.352372348458314,0.13077301263964689,0.0
110,222.66666666666666,51.25,3.9088200952233594,4.167620293867669,3.631321610887408,19.80534412001328,0.12868223234477075,4.222008245644752,0.07417990022744858,0.0
111,291.26666666666665,51.666666666666664,4.370193722368317,4.777953835885259,3.9819092890965977,84.11585553398967,0.16660783551525674,4.652426491681278,0.06066356337227567,0.0
112,315.75,51.416666666666664,3.9088200952233594,4.418071998329191,3.371873174730685,57.93317839704724,0.23679985839844928,4.222008245644752,0.07417990022744858,0.0
113,415.15625,52.5625,6.383076486422923,8.34901066824121,4.831241648023256,35.4497450780354,0.42133962453769414,6.6755811781245455,0.04381711253248504,0.0
114,158.25,54.84375,6.383076486422923,7.69028504165605,5.288562278926211,49.71699651196236,0.31230607834695356,6.863662517577698,0.0700188900494457,0.0
115,178.9375,58.5,7.817640190446719,12.822739292124211,5.08411156246076,83.53658753972962,0.6035081547993847,8.703892974511014,0.10182257372185632,0.0
116,37.470588235294116,56.26470588235294,6.579524642479541,8.90567322808469,4.877430714560362,29.1911024373679,0.4523231888658312,7.046725639945928,0.06630043815214748,0.0
117,252.7058823529412,57.470588235294116,4.652426491681278,5.694377408639597,4.263348690002083,-67.50000000000001,0.25130556265314197,5.4115163798060095,0.1402730463789048,0.0
118,343.8936170212766,58.319148936170215,7.735777827895049,13.33117747696143,4.972348752929756,51.80431093371969,0.6270135356368309,8.812923024107548,0.1222233750670456,0.0
119,397.09090909090907,55.36363636363637,3.742410318509555,4.346129984141888,3.0673563246059063,-74.92930722396234,0.29423272295167363,3.826519928662906,0.021980706156348437,0.0
120,146.8,56.4,2.5231325220201604,3.0983866769659336,1.7888543819998317,18.434948822922017,0.42264973081037427,2.6462837142006137,0.04653741075440761,0.0
121,212.125,60.208333333333336,5.527906391541368,7.032652030061933,4.501558357534422,76.96128035292348,0.3599060015635696,6.128667601500942,0.09802476639660539,0.0
122,323.1666666666667,58.166666666666664,2.763953195770684,3.126943839882286,2.309401076758503,-45.0,0.2614510541240036,3.0901936161855166,0.10557280900008405,0.0
123,333.38461538461536,57.61538461538461,4.068428945128219,4.318667337728677,3.679464844031199,45.00000000000003,0.14800919906779725,4.296739856991561,0.05313584705200135,0.0
124,362.2142857142857,59.07142857142857,4.222008245644752,4.949700438498618,3.6798480805132696,59.237101805037156,0.2565513557362938,4.583497844237541,0.07886762705632334,0.0
125,109.35555555555555,63.6,7.569397566060481,12.253651373359324,4.800321838019227,46.161390462893664,0.6082537611233488,8.368283871884005,0.0954659662667091,0.0
126,297.8181818181818,59.81818181818182,3.742410318509555,3.8138503569823694,3.6725472503134826,44.9999999999999,0.0370499871370648,4.068428945128219,0.08013378899220011,0.0
127,141.21052631578948,61.63157894736842,4.918490759365935,5.127073205848133,4.711757099842154,6.264403854575739,0.0810045203825556,5.232078956954491,0.05993567760894247,0.0
128,222.29032258064515,64.45161290322581,6.282549314314218,8.668493922603076,4.570613936993147,61.51340804147033,0.47273263639543167,6.770275002573076,0.07203927286166302,0.0
129,307.2857142857143,62.0,2.985410660720923,3.0237157840738176,2.7994168488950604,-90.0,0.07417990022744857,3.1915382432114616,0.0645856533065147,0.0
130,329.25,62.583333333333336,3.9088200952233594,4.418071998329191,3.371873174730685,57.93317839704724,0.23679985839844928,4.222008245644752,0.07417990022744858,0.0
131,423.22222222222223,62.44444444444444,4.787307364817192,6.74317095530343,3.8182493611079957,-2.016705536385094,0.4337605576935604,5.352372348458314,0.10557280900008424,0.0
132,76.0,63.5,4.222008245644752,4.5059407690070215,3.9618805870697837,-41.43749182554912,0.12074286144181447,4.652426491681278,0.09251478702696982,0.0
133,166.72727272727272,64.95454545454545,5.292567428401227,5.5195074369704376,5.0760656626865766,67.64252563879191,0.08034082376873443,5.4700209598571305,0.032441106306206544,0.0
134,203.66666666666666,64.75,3.9088200952233594,4.167620293867669,3.631321610887408,-19.80534412001328,0.12868223234477075,4.222008245644752,0.07417990022744858,0.0
135,352.45454545454544,63.36363636363637,3.742410318509555,4.0,3.4688698233343476,18.43494882292201,0.1327825441664131,4.145929793656026,0.09732906615155999,0.0
136,399.4,64.6,4.370193722368317,4.618802153517006,4.026578365477732,-44.999999999999936,0.12822021129186542,4.442433223290478,0.01626124632407057,0.0
137,412.5,63.285714285714285,4.222008245644752,4.20883424647321,4.120630029101702,-0.0,0.020956923510451662,4.370193722368317,0.03390821692070415,0.0
138,51.7037037037037,67.92592592592592,5.863230142835039,7.6279797657651045,4.573189463305599,85.80134870665513,0.4004717364576153,6.282549314314218,0.06674347474261737,0.0
139,119.58823529411765,66.88235294117646,4.652426491681278,5.181899763382574,4.041201040002321,74.82837555788022,0.22013137564738272,4.853342309955121,0.04139741346117837,0.0
140,300.9,67.6,5.046265044040321,6.1272463655588885,4.1637545527739,55.437323413224995,0.32045256476412154,5.527906391541368,0.08712907082472308,0.0
141,262.7368421052632,67.63157894736842,4.918490759365935,5.212526051472712,4.66479582459468,17.496010099279353,0.10507961427325233,5.232078956954491,0.05993567760894247,0.0
142,282.26666666666665,67.66666666666667,4.370193722368317,4.777953835885259,3.9819092890965977,84.11585553398967,0.16660783551525674,4.652426491681278,0.06066356337227567,0.0
143,388.5833333333333,67.25,3.9088200952233594,4.418071998329191,3.371873174730685,32.06682160295275,0.23679985839844928,4.222008245644752,0.07417990022744858,0.0
144,29.49019607843137,70.92156862745098,8.058239062071396,10.927874664813425,6.181187907915321,-16.097458899073082,0.4343650437520044,8.593479713983122,0.0622845075250244,0.0
145,140.5,69.5,2.256758334191025,2.0,2.0,-90.0,0.0,2.256758334191025,0.0,0.0
146,149.04347826086956,70.6086956521739,5.4115163798060095,6.19388256769661,4.665229164899033,66.90940554333669,0.24680051423158555,5.753627391751592,0.0594600568740397,0.0
147,404.5,69.5,4.222008245644752,4.780914437337574,3.5456210417116734,45.0,0.2583801512904336,4.370193722368317,0.03390821692070415,0.0
148,433.34375,72.75,6.383076486422923,9.030156086064581,4.802671762811903,-80.64939313447162,0.4681518550688809,7.136496464611085,0.10557280900008412,0.0
149,64.5625,72.65625,6.383076486422923,7.789771086229212,5.372740587832933,44.704526349617446,0.31028260928862406,7.001408606295148,0.08831538832289637,0.0
150,233.125,70.875,3.1915382432114616,3.4641016151377544,2.7386127875258306,-45.0,0.20943058495790512,3.2897623212397704,0.029857499854668026,0.0
151,359.6363636363636,71.54545454545455,3.742410318509555,4.0,3.468869823334347,71.56505117707802,0.13278254416641322,4.145929793656026,0.09732906615155999,0.0
152,421.1666666666667,71.83333333333333,2.763953195770684,3.126943839882286,2.3094010767585034,45.00000000000002,0.26145105412400343,3.0901936161855166,0.10557280900008405,0.0
153,209.9,74.05,5.046265044040321,5.215361924162119,4.795831523312719,-63.434948822922095,0.0804412823021482,5.352372348458314,0.057190958417936574,0.0
154,387.0,73.28571428571429,2.985410660720923,3.0237157840738176,2.799416848895061,-0.0,0.07417990022744843,3.1915382432114616,0.0645856533065147,0.0
155,134.27272727272728,76.0909090909091,5.292567428401227,6.437228450120689,4.281434913937046,39.05567098018602,0.3348946760066011,5.641895835477563,0.061916848035314,0.0
156,243.51063829787233,77.48936170212765,7.735777827895049,13.625104283559153,6.123875234207415,-48.16638356381977,0.5505447072726746,9.201653640780462,0.1593056933146074,0.0
157,287.80555555555554,79.66666666666667,6.770275002573076,13.043100582858418,3.821769517797606,49.96670702277357,0.7069891860820061,8.018640596081465,0.15568294632364968,0.0
158,342.96774193548384,78.74193548387096,6.282549314314218,9.080100554001788,4.379411525900653,73.56897260825876,0.5176912964944473,6.817128675830715,0.07841708539429253,0.0
159,149.0,79.5,5.292567428401227,6.159232041108927,4.458928400631589,58.79864793432187,0.2760577340046456,5.641895835477563,0.061916848035314,0.0
160,215.7741935483871,78.83870967741936,6.282549314314218,7.514882259669917,5.288848081592644,81.43879257143352,0.2962167737508969,6.432750982580687,0.02334952319360745,0.0
161,331.6363636363636,78.54545454545455,3.742410318509555,4.0,3.468869823334347,71.56505117707802,0.13278254416641322,4.145929793656026,0.09732906615155999,0.0
162,355.0,80.17857142857143,5.970821321441846,6.421792791093108,5.653729652266515,-86.46094806192033,0.1196026037918696,6.4820448144285745,0.07886762705632344,0.0
163,367.0,76.5,2.763953195770684,3.265986323710904,2.0,-0.0,0.3876275643042055,2.763953195770684,0.0,0.0
164,394.875,77.875,3.1915382432114616,3.4641016151377544,2.7386127875258306,45.0,0.20943058495790512,3.2897623212397704,0.029857499854668026,0.0
165,120.47826086956522,81.8695652173913,5.4115163798060095,6.810148564185426,4.226563912595924,87.80996977246818,0.37937272986621395,5.698035485213008,0.0502838401323659,0.0
166,162.84848484848484,81.18181818181819,6.4820448144285745,8.417018682345947,4.974174294074797,37.89773723338479,0.4090337111277005,6.955796338302048,0.0681088837039066,0.0
167,174.95833333333334,82.5,5.527906391541368,8.11803042502027,4.626352512941568,-83.50671273671873,0.43011392286941125,6.383076486422923,0.13397459621556135,2.0
168,201.3846153846154,80.61538461538461,4.068428945128219,4.318667337728677,3.679464844031199,45.00000000000003,0.14800919906779725,4.296739856991561,0.05313584705200135,0.0
169,226.74074074074073,80.55555555555556,5.863230142835039,6.481029573175073,5.27583074997267,65.17550612693005,0.1859579268378455,6.282549314314218,0.06674347474261737,0.0
170,277.8333333333333,79.83333333333333,2.763953195770684,3.1269438398822866,2.3094010767585034,-45.00000000000001,0.26145105412400355,3.0901936161855166,0.10557280900008405,0.0
171,109.6470588235294,82.0,4.652426491681278,4.752708206288037,4.538188593408449,-90.0,0.045136289367769006,5.046265044040321,0.07804555427071139,0.0
172,267.5,83.22222222222223,4.787307364817192,5.258737584977437,4.268749491621899,-90.0,0.18825584607675103,4.918490759365935,0.02667147321542483,0.0
173,400.1818181818182,82.18181818181819,3.742410318509555,3.8138503569823694,3.672547250313483,44.99999999999986,0.037049987137064685,4.068428945128219,0.08013378899220011,0.0
174,427.54545454545456,82.96969696969697,6.4820448144285745,10.308370281811106,4.29150610284757,27.63666532081464,0.5836872380865249,7.312732791431452,0.1135947395720817,0.0
175,365.0,83.0,3.385137501286538,3.265986323710904,3.265986323710904,-90.0,0.0,3.385137501286538,0.0,0.0
176,384.26666666666665,84.33333333333333,4.370193722368317,4.777953835885259,3.9819092890965977,-84.11585553398967,0.16660783551525674,4.652426491681278,0.06066356337227567,0.0
177,413.7,83.9,5.046265044040321,5.4478633986980824,4.639049944668172,-69.08991505993211,0.14846434185981952,5.352372348458314,0.057190958417936574,0.0
178,67.9090909090909,86.9090909090909,5.292567428401227,5.502816709244203,4.972652484064489,-45.00000000000001,0.09634415485601931,5.4700209598571305,0.032441106306206544,0.0
179,190.58333333333334,86.75,3.9088200952233594,5.863464259615675,3.1371976505205774,64.00575513500826,0.4649583400502884,4.652426491681278,0.1598319495831941,0.0
180,255.07142857142858,86.85714285714286,4.222008245644752,5.390979766146216,3.244868856471086,23.124621339348614,0.3980929261044685,4.583497844237541,0.07886762705632334,0.0
181,291.2142857142857,86.35714285714286,4.222008245644752,4.742873420478221,3.686025552052299,-24.35764455271439,0.2228286050947066,4.583497844237541,0.07886762705632334,0.0
182,371.8095238095238,86.04761904761905,5.170882945826411,5.602338368222781,4.7002407233912535,53.86381472718883,0.161021628030957,5.4115163798060095,0.04446691409409075,0.0
183,314.04347826086956,91.6086956521739,5.4115163798060095,6.19388256769661,4.665229164899033,66.90940554333669,0.24680051423158555,5.753627391751592,0.0594600568740397,0.0
184,389.09090909090907,90.36363636363636,3.742410318509555,4.346129984141888,3.067356324605907,-74.92930722396233,0.2942327229516735,3.826519928662906,0.021980706156348437,0.0
185,83.5,90.0,1.5957691216057308,2.0,0.0,-0.0,1.0,1.5957691216057308,0.0,0.0
186,228.875,91.875,3.1915382432114616,3.4641016151377544,2.7386127875258306,45.0,0.20943058495790512,3.2897623212397704,0.029857499854668026,0.0
187,300.0,92.0,3.385137501286538,3.265986323710904,3.265986323710904,-90.0,0.0,3.385137501286538,0.0,0.0
188,344.0,93.85714285714286,5.970821321441846,8.883428536087933,4.230960171737709,55.260078428138115,0.5237244094946104,6.770275002573076,0.11808289631180316,0.0
189,379.8,91.5,3.5682482323055424,4.09878030638384,2.9933259094191533,-90.0,0.2697032566597785,3.742410318509555,0.046537410754407656,0.0
190,403.1111111111111,91.33333333333333,3.385137501286538,3.8857533750574067,2.795442890696133,69.69935267749776,0.28059178726060197,3.656366395715726,0.07417990022744857,0.0
191,84.0,92.0,1.1283791670955126,0.0,0.0,-90.0,0.0,1.1283791670955126,0.0,0.0
192,131.9090909090909,93.63636363636364,3.742410318509555,4.346129984141888,3.067356324605907,-74.92930722396233,0.2942327229516735,3.826519928662906,0.021980706156348437,0.0
193,259.0,93.2,3.5682482323055424,3.9191835884530843,3.0983866769659336,-90.0,0.209430584957905,3.742410318509555,0.046537410754407656,0.0
194,428.0,92.5,1.5957691216057308,2.0,0.0,-90.0,1.0,1.5957691216057308,0.0,0.0
195,207.56756756756758,97.64864864864865,6.863662517577698,9.953450248510244,4.760714396146919,60.56604810917089,0.5217020955261753,7.48482063701911,0.0829890453712721,0.0
196,219.6,95.93333333333334,4.370193722368317,4.9746021616473675,3.7712361663282525,-80.53767779197439,0.2419019564210967,4.720348719413148,0.07417990022744846,0.0
197,273.3333333333333,96.0,3.385137501286538,4.708788181923399,2.504347879633133,76.71747441146101,0.4681544841521876,3.826519928662906,0.11534826307061714,0.0
198,322.94444444444446,95.88888888888889,4.787307364817192,5.385930481961369,4.225630174819322,51.525832671055625,0.21543172735484423,5.170882945826411,0.07417990022744866,0.0
199,357.90909090909093,97.0909090909091,5.292567428401227,5.502816709244202,4.972652484064488,45.00000000000011,0.09634415485601933,5.4700209598571305,0.032441106306206544,0.0
200,185.84615384615384,97.53846153846153,4.068428945128219,4.3616645597524775,3.756591133295643,76.2235942116411,0.13872534629099764,4.296739856991561,0.05313584705200135,0.0
201,157.38095238095238,100.47619047619048,5.170882945826411,5.875876393086047,4.52507946746466,-86.29067496994327,0.2298885877195828,5.585191925620057,0.07417990022744841,0.0
202,254.33333333333334,99.11111111111111,3.385137501286538,3.8857533750574067,2.7954428906961324,20.300647322502236,0.2805917872606021,3.656366395715726,0.07417990022744857,0.0
203,376.2,100.0,3.5682482323055424,3.919183588453085,3.0983866769659336,-0.0,0.2094305849579051,3.742410318509555,0.046537410754407656,0.0
204,394.9,100.7,3.5682482323055424,5.215361924162119,2.529822128134703,74.74488129694222,0.5149287499273342,3.989422804014327,0.1055728090000841,0.0
205,70.25,102.64285714285714,5.970821321441846,6.264786840629048,5.903768851996799,57.210963207837764,0.05762653986739626,6.579524642479541,0.09251478702696982,0.0
206,107.29411764705883,103.29411764705883,4.652426491681278,5.224377249688122,4.12268599245535,45.0,0.21087513488780693,5.108953969950291,0.08935830719051381,0.0
207,241.11111111111111,102.66666666666667,3.385137501286538,3.8857533750574067,2.795442890696133,-69.69935267749776,0.28059178726060197,3.656366395715726,0.07417990022744857,0.0
208,82.3125,105.0,4.51351666838205,5.670415414419049,3.644706987937282,70.25515287357435,0.35724162665943,4.853342309955121,0.07001889004944571,0.0
209,289.5,102.5,2.256758334191025,2.0,2.0,-90.0,0.0,2.256758334191025,0.0,0.0
210,345.15384615384613,103.46153846153847,4.068428945128219,4.3616645597524775,3.756591133295643,76.2235942116411,0.13872534629099764,4.296739856991561,0.05313584705200135,0.0
211,436.38461538461536,103.61538461538461,4.068428945128219,4.318667337728677,3.679464844031199,45.00000000000003,0.14800919906779725,4.296739856991561,0.05313584705200135,0.0
212,126.0,105.5,2.763953195770684,3.265986323710904,2.0,-0.0,0.3876275643042055,2.763953195770684,0.0,0.0
213,251.0,105.0,3.385137501286538,3.265986323710904,3.265986323710904,-90.0,0.0,3.385137501286538,0.0,0.0
214,266.95652173913044,107.26086956521739,5.4115163798060095,6.2847559477358805,4.906974854603625,82.84559057034691,0.21922587043791397,5.917270272703197,0.08547081163932423,0.0
215,117.92307692307692,109.15384615384616,4.068428945128219,4.748377429419916,3.5597537413447733,-73.76440385457576,0.2503220743807534,4.442433223290478,0.08418906022074915,0.0
216,138.5,107.5,2.256758334191025,2.0,2.0,-90.0,0.0,2.256758334191025,0.0,0.0
217,329.8695652173913,110.3695652173913,7.653039857325812,10.68280641237361,6.067246870274913,-82.91188284964907,0.43205496420422046,8.444016491289505,0.09367303282503431,0.0
218,428.3333333333333,107.33333333333333,1.9544100476116797,2.309401076758503,1.3333333333333335,45.0,0.42264973081037416,2.111004122822376,0.07417990022744858,0.0
219,125.5,109.0,1.5957691216057308,2.0,0.0,-0.0,1.0,1.5957691216057308,0.0,0.0
220,166.96428571428572,112.32142857142857,5.970821321441846,7.201680334012126,4.916972309585809,68.24664762401757,0.31724652004284176,6.282549314314218,0.0496180733770171,0.0
221,179.7826086956522,110.69565217391305,5.4115163798060095,6.211601494667216,4.667602946740805,-70.86344202450067,0.24856690327799746,5.753627391751592,0.0594600568740397,0.0
222,312.0,110.83333333333333,3.9088200952233594,5.0473988999712045,2.9573614197104288,-70.1946558799867,0.41408208894935955,4.145929793656026,0.057190958417936685,0.0
223,156.2,111.0,3.5682482323055424,3.919183588453085,3.0983866769659336,-0.0,0.2094305849579051,3.742410318509555,0.046537410754407656,0.0
224,435.4,110.8,2.5231325220201604,3.0983866769659336,1.7888543819998322,71.56505117707799,0.4226497308103741,2.6462837142006137,0.04653741075440761,0.0
225,217.2093023255814,114.34883720930233,7.399277020331919,10.705916819409211,5.749870316610458,3.706530622483605,0.4629259302494977,8.097643889049511,0.08624321818621804,0.0
226,50.0,115.5,4.51351666838205,4.898979485566356,4.0,-0.0,0.18350341907227388,4.787307364817192,0.057190958417936574,0.0
227,68.26470588235294,116.55882352941177,6.579524642479541,9.230462424176903,4.750080980174041,34.37671383078043,0.48539078955216974,7.136496464611085,0.07804555427071135,0.0
228,192.39473684210526,119.13157894736842,6.955796338302048,9.934402657758366,4.98531345099931,-89.01105148813448,0.49817682826596704,7.312732791431452,0.048810268788658254,0.0
229,314.5,115.0,1.5957691216057308,2.0,0.0,-0.0,1.0,1.5957691216057308,0.0,0.0
230,344.4,115.4,4.370193722368317,4.618802153517006,4.026578365477732,44.99999999999995,0.12822021129186542,4.442433223290478,0.01626124632407057,0.0
231,10.176470588235293,119.70588235294117,4.652426491681278,6.350414680392873,3.5182546439949247,77.83437904153247,0.44598033025187184,5.108953969950291,0.08935830719051381,0.0
232,139.0,117.0,2.985410660720923,3.703280399090206,2.138089935299395,45.0,0.42264973081037427,3.1915382432114616,0.0645856533065147,0.0
233,203.25925925925927,120.07407407407408,5.863230142835039,8.703261585509892,4.1607959196558255,75.75488255729941,0.5219268226312814,6.627726932618989,0.11534826307061728,0.0
234,260.0,116.0,1.1283791670955126,0.0,0.0,-90.0,0.0,1.1283791670955126,0.0,0.0
235,358.0,117.28571428571429,2.985410660720923,3.0237157840738176,2.799416848895061,-0.0,0.07417990022744843,3.1915382432114616,0.0645856533065147,0.0
236,368.0,117.0,1.1283791670955126,0.0,0.0,-90.0,0.0,1.1283791670955126,0.0,0.0
237,94.0,119.5,3.9088200952233594,4.47213595499958,3.265986323710904,-90.0,0.26970325665977857,3.9088200952233594,0.0,0.0
238,232.8421052631579,120.47368421052632,4.918490759365935,5.676407900089584,4.400956833761447,71.56505117707796,0.22469334282830664,5.4700209598571305,0.10082780386742814,0.0
239,117.5,121.5,2.763953195770684,4.0,1.632993161855452,18.43494882292201,0.591751709536137,2.985410660720923,0.07417990022744851,0.0
240,335.55555555555554,123.44444444444444,5.863230142835039,7.873663032149131,4.535783470442133,-28.53388447932666,0.42392969423228133,6.432750982580687,0.08853456962470012,0.0
241,107.83333333333333,124.16666666666667,2.763953195770684,3.1269438398822866,2.3094010767585034,45.0,0.26145105412400355,3.0901936161855166,0.10557280900008405,0.0
242,133.5,123.0,2.763953195770684,3.265986323710904,2.0,-90.0,0.3876275643042055,2.763953195770684,0.0,0.0
243,148.0,123.0,1.1283791670955126,0.0,0.0,-90.0,0.0,1.1283791670955126,0.0,0.0
244,174.93333333333334,126.08888888888889,7.569397566060481,9.765494325659585,5.849390351916225,61.73415515617679,0.4010144129062158,8.058239062071396,0.06066356337227561,0.0
245,54.73684210526316,126.15789473684211,4.918490759365935,5.733405886701424,4.222754793540672,-39.90798340198795,0.2634823215053885,5.232078956954491,0.05993567760894247,0.0
246,118.0,124.5,1.5957691216057308,2.0,0.0,-90.0,1.0,1.5957691216057308,0.0,0.0
247,148.0,125.0,1.9544100476116797,3.265986323710904,0.0,-0.0,1.0,1.9544100476116797,0.0,0.0
248,219.75,127.91666666666667,5.527906391541368,7.019603032773939,4.352860609357154,-77.65641313510369,0.3798993206547419,6.023896332520351,0.08233706451775293,0.0
249,363.29411764705884,126.70588235294117,4.652426491681278,4.975969564074643,4.627389899071143,-27.89214893378141,0.07005261196132817,5.170882945826411,0.1002645891575627,0.0
250,117.5,127.5,2.256758334191025,2.0,2.0,-90.0,0.0,2.256758334191025,0.0,0.0
251,318.5833333333333,128.75,3.9088200952233594,6.366878935976616,2.52026615727509,-42.0149920095715,0.6041598744662628,4.51351666838205,0.13397459621556135,0.0
252,350.2857142857143,127.5,4.222008245644752,4.20883424647321,4.120630029101703,-90.0,0.02095692351045145,4.370193722368317,0.03390821692070415,0.0
253,71.5,130.83333333333334,4.787307364817192,6.730554675364927,4.622369568586008,-60.66434643390208,0.3132260576524646,6.023896332520351,0.20528058576097383,0.0
254,160.11627906976744,130.06976744186048,7.399277020331919,10.595215387137374,5.23012184907748,17.779700139865295,0.5063694641425728,7.817640190446719,0.05351527569995436,0.0
255,196.7826086956522,131.7826086956522,5.4115163798060095,6.9254517233760176,4.925947779603147,67.39657846461132,0.2887181982691163,6.231677632421503,0.1316116302853098,0.0
256,257.0,128.0,1.1283791670955126,0.0,0.0,-90.0,0.0,1.1283791670955126,0.0,0.0
257,178.14285714285714,135.0952380952381,7.312732791431452,12.955279914487656,4.1944998406527985,32.110395229802336,0.6762324034417686,8.058239062071396,0.09251478702696969,0.0
258,383.57142857142856,132.14285714285714,2.985410660720923,4.3036987575071395,2.3751720591893872,-15.232772459729944,0.4481091282129667,3.5682482323055424,0.1633399734659245,0.0
259,378.2,135.2,2.5231325220201604,3.9999999999999996,1.3856406460551018,45.0,0.6535898384862245,2.876813695875796,0.12294198069297063,0.0
260,40.888888888888886,137.22222222222223,3.385137501286538,4.312594463574638,2.660928660904759,29.51812173396325,0.38298657956835586,3.5682482323055424,0.05131670194948621,0.0
261,55.90909090909091,138.36363636363637,3.742410318509555,4.346129984141888,3.067356324605907,74.92930722396234,0.2942327229516735,3.826519928662906,0.021980706156348437,0.0
262,5.4,139.6,4.370193722368317,4.618802153517006,4.026578365477732,-44.99999999999995,0.12822021129186542,4.442433223290478,0.01626124632407057,0.0
263,188.0,141.33333333333334,7.046725639945928,7.89676986868519,6.3622820181623885,-71.56505117707796,0.1943184208277167,7.569397566060481,0.06905066374873732,0.0
264,315.5,138.0,1.5957691216057308,2.0,0.0,-0.0,1.0,1.5957691216057308,0.0,0.0
265,142.0,140.0,1.1283791670955126,0.0,0.0,-90.0,0.0,1.1283791670955126,0.0,0.0
266,144.0,140.0,1.1283791670955126,0.0,0.0,-90.0,0.0,1.1283791670955126,0.0,0.0
267,220.84615384615384,141.53846153846155,4.068428945128219,4.3616645597524775,3.756591133295643,76.22359421164109,0.13872534629099764,4.296739856991561,0.05313584705200135,0.0
268,121.44444444444444,144.77777777777777,3.385137501286538,3.7712361663282534,3.2049344670791013,-63.43494882292202,0.1501634144012026,3.9088200952233594,0.13397459621556132,0.0
269,142.3,144.1,3.5682482323055424,5.623519473507079,3.4023563498091534,-32.740178655904614,0.3949774041260159,4.370193722368317,0.183503419072274,0.0
270,144.0,142.5,1.5957691216057308,2.0,0.0,-90.0,1.0,1.5957691216057308,0.0,0.0
271,146.0,143.0,1.1283791670955126,0.0,0.0,-90.0,0.0,1.1283791670955126,0.0,0.0
272,81.1923076923077,147.80769230769232,5.753627391751592,7.182254818747979,4.591071510231854,66.65118917149644,0.36077574158916076,6.128667601500942,0.0611944119236456,0.0
273,199.86046511627907,148.2325581395349,7.399277020331919,10.713771730814113,5.259862158282245,51.983614535816315,0.5090559804299133,8.097643889049511,0.08624321818621804,1.0
274,64.0,148.0,1.1283791670955126,0.0,0.0,-90.0,0.0,1.1283791670955126,0.0,0.0
275,429.0,150.5,3.1915382432114616,3.4641016151377544,2.8284271247461903,-90.0,0.18350341907227385,3.5682482323055424,0.10557280900008412,0.0
276,62.0,150.0,1.1283791670955126,0.0,0.0,-90.0,0.0,1.1283791670955126,0.0,0.0
277,221.13333333333333,151.53333333333333,4.370193722368317,4.618802153517007,4.061745656460752,14.036243467926477,0.12060626944847204,4.720348719413148,0.07417990022744846,0.0
278,231.0,152.2,2.5231325220201604,3.3356416888757825,2.057545752452158,55.90070474317591,0.3831634376935682,2.985410660720923,0.15484574527148334,0.0
279,183.6875,154.8125,4.51351666838205,5.149449337222181,3.918950308868696,85.16332228379824,0.23895740064067997,4.787307364817192,0.057190958417936574,0.0
280,193.91304347826087,157.43478260869566,5.4115163798060095,6.028264301748739,4.808655477831725,60.57182424915076,0.202315088202622,5.753627391751592,0.0594600568740397,0.0
281,436.0,158.71428571428572,2.985410660720923,3.0237157840738176,2.799416848895061,-0.0,0.07417990022744843,3.1915382432114616,0.0645856533065147,0.0
282,215.0,161.0,3.385137501286538,3.265986323710904,3.265986323710904,-90.0,0.0,3.385137501286538,0.0,0.0
283,309.94117647058823,162.23529411764707,4.652426491681278,5.415619343554922,3.980896596741624,7.132256149039952,0.2649231151226956,4.853342309955121,0.04139741346117837,0.0
284,360.1666666666667,163.83333333333334,2.763953195770684,3.1269438398822857,2.309401076758503,45.00000000000001,0.2614510541240035,3.0901936161855166,0.10557280900008405,0.0
285,124.0,166.0,1.1283791670955126,0.0,0.0,-90.0,0.0,1.1283791670955126,0.0,0.0
286,167.0952380952381,169.42857142857142,5.170882945826411,5.425630528451305,4.962004663927372,-41.97290405294263,0.08545105717994227,5.641895835477563,0.0834848610088319,0.0
287,205.84375,168.875,6.383076486422923,8.381921944105377,4.858267131696727,46.007636682457694,0.42038745241318737,6.90988298942671,0.07623956929659877,0.0
288,244.58333333333334,168.58333333333334,3.9088200952233594,5.6316346082662925,2.8394487874858996,-58.402894164899905,0.4958037967665611,4.442433223290478,0.12011730987188035,0.0
289,120.53571428571429,170.67857142857142,5.970821321441846,6.259362421732559,5.782095378957482,-36.74781930912247,0.07624850753456965,6.432750982580687,0.07180903821548577,0.0
290,105.5,173.0,5.046265044040321,5.656854249492381,4.47213595499958,-90.0,0.20943058495790517,5.046265044040321,0.0,0.0
291,62.0,173.28571428571428,2.985410660720923,3.0237157840738176,2.799416848895061,-0.0,0.07417990022744843,3.1915382432114616,0.0645856533065147,0.0
292,222.10526315789474,174.94736842105263,4.918490759365935,7.289822356453311,3.3880656171792087,-77.94449024872455,0.5352334458219101,5.4115163798060095,0.09110674085361423,0.0
293,258.64285714285717,173.78571428571428,4.222008245644752,4.742873420478221,3.6860255520522993,-65.64235544728561,0.2228286050947065,4.583497844237541,0.07886762705632334,0.0
294,183.0,174.0,1.1283791670955126,0.0,0.0,-90.0,0.0,1.1283791670955126,0.0,0.0
295,131.8,179.5,5.046265044040321,6.318163432630155,4.029988937773296,65.99360624790833,0.36215816815367297,5.527906391541368,0.08712907082472308,0.0
296,144.0,176.0,1.1283791670955126,0.0,0.0,-90.0,0.0,1.1283791670955126,0.0,0.0
297,192.0,177.0,1.1283791670955126,0.0,0.0,-90.0,0.0,1.1283791670955126,0.0,0.0
298,234.609756097561,181.02439024390245,7.225151993843567,9.528729848474633,5.589718182039415,72.5707593338017,0.41338265740273644,7.653039857325812,0.05591083693006677,0.0
299,12.5,179.5,3.1915382432114616,4.47213595499958,2.0,-90.0,0.5527864045000421,3.1915382432114616,0.0,0.0
300,143.0,179.0,1.1283791670955126,0.0,0.0,-90.0,0.0,1.1283791670955126,0.0,0.0
301,112.66666666666667,181.33333333333334,1.9544100476116797,2.309401076758503,1.3333333333333333,-45.00000000000001,0.4226497308103742,2.111004122822376,0.07417990022744858,0.0
302,102.27272727272727,184.1818181818182,5.292567428401227,5.684918356215261,4.913706666104741,-4.654970087493015,0.13565923761549947,5.698035485213008,0.07115927197435196,0.0
303,212.25641025641025,185.0,7.046725639945928,7.351266122100927,6.830119810966934,-20.884495049815865,0.07089204804696327,7.442171739215616,0.053135847052001396,0.0
304,244.08,185.56,5.641895835477563,6.229132290364383,5.01975207646152,81.46448935434044,0.194149065636896,5.917270272703197,0.046537410754407676,0.0
305,29.363636363636363,185.45454545454547,3.742410318509555,3.9999999999999996,3.4688698233343476,71.56505117707799,0.13278254416641302,4.145929793656026,0.09732906615155999,0.0
306,153.2962962962963,187.40740740740742,5.863230142835039,7.484715422184874,4.593894163032476,48.357022391077756,0.3862299494492383,6.231677632421503,0.05912492771923012,0.0
307,76.0909090909091,192.4090909090909,5.292567428401227,7.607202948617293,3.960326035418402,86.21751332538572,0.47939787302003795,5.753627391751592,0.08013378899220007,0.0
308,177.47826086956522,191.30434782608697,5.4115163798060095,6.805939093146577,4.415193977832847,-8.522868582362754,0.3512733632484538,5.917270272703197,0.08547081163932423,0.0
309,199.45833333333334,192.70833333333334,5.527906391541368,7.346614751635619,4.159931425976595,-89.7829746839303,0.43376213853456175,5.917270272703197,0.06580126700617232,0.0
310,387.5,188.5,2.256758334191025,2.0,2.0,-90.0,0.0,2.256758334191025,0.0,0.0
311,96.39473684210526,197.68421052631578,6.955796338302048,13.242387352418714,4.0422776046965865,50.58254316051972,0.6947470650782416,8.018640596081465,0.13254668856199958,0.0
312,220.75,196.6875,4.51351666838205,9.460382460049136,2.989759808010447,74.07976508778273,0.6839705138099756,5.808687281605183,0.2229713101141886,0.0
313,33.333333333333336,196.08333333333334,3.9088200952233594,4.364045181411537,3.521300058081274,34.721977390208295,0.19311099869449103,4.145929793656026,0.057190958417936685,0.0
314,118.0952380952381,195.8095238095238,5.170882945826411,6.302154083635102,4.85357912507409,19.309814446076977,0.2298539418962397,5.753627391751592,0.10128296572708277,0.0
315,122.0,194.0,1.1283791670955126,0.0,0.0,-90.0,0.0,1.1283791670955126,0.0,0.0
316,233.0,195.0,2.5231325220201604,2.5298221281347035,2.5298221281347035,-90.0,0.0,2.985410660720923,0.15484574527148334,0.0
317,369.0,196.0,4.918490759365935,5.350848432479509,4.4956118955921305,26.565051177077997,0.15983194958319422,5.292567428401227,0.07067962271541493,0.0
318,381.0,195.66666666666666,1.9544100476116797,3.265986323710904,1.8856180831641267,-0.0,0.42264973081037427,2.5231325220201604,0.2254033307585167,0.0
319,247.71428571428572,198.42857142857142,2.985410660720923,3.9999999999999996,2.2131333406899523,59.03624346792648,0.4467166648275119,3.385137501286538,0.11808289631180316,0.0
320,155.65,202.45,7.136496464611085,10.92337023409689,5.165266956203335,63.4102097187464,0.5271361452090905,7.978845608028654,0.1055728090000841,1.0
321,184.4375,205.41666666666666,7.817640190446719,13.272303100175115,4.8654248844238674,51.56116650349119,0.6334151768761466,8.95623198216277,0.1271284390560305,0.0
322,347.0,201.0,1.1283791670955126,0.0,0.0,-90.0,0.0,1.1283791670955126,0.0,0.0
323,355.29411764705884,202.52941176470588,4.652426491681278,6.435197332318751,3.3275613232308117,-70.01689347810004,0.48291231000498097,5.046265044040321,0.07804555427071139,0.0
324,382.0,201.0,1.1283791670955126,0.0,0.0,-90.0,0.0,1.1283791670955126,0.0,0.0
325,140.6315789473684,205.68421052631578,4.918490759365935,6.090936389275159,3.9438855858140762,-73.97232114563838,0.35249929834131605,5.232078956954491,0.05993567760894247,0.0
326,142.0,202.0,1.1283791670955126,0.0,0.0,-90.0,0.0,1.1283791670955126,0.0,0.0
327,170.94444444444446,204.88888888888889,4.787307364817192,5.385930481961369,4.225630174819322,51.525832671055625,0.21543172735484423,5.170882945826411,0.07417990022744866,0.0
328,263.8,202.6,2.5231325220201604,3.0983866769659336,1.7888543819998317,-18.434948822922014,0.42264973081037427,2.6462837142006137,0.04653741075440761,0.0
329,239.375,206.5625,4.51351666838205,5.042040092329001,4.03303009006218,66.25522353900043,0.20011939290247552,4.720348719413148,0.04381711253248512,0.0
330,297.0,204.0,1.1283791670955126,0.0,0.0,-90.0,0.0,1.1283791670955126,0.0,0.0
331,374.0,206.0,3.385137501286538,3.265986323710904,3.265986323710904,-90.0,0.0,3.385137501286538,0.0,0.0
332,50.0,208.0,1.1283791670955126,0.0,0.0,-90.0,0.0,1.1283791670955126,0.0,0.0
333,167.52631578947367,211.6315789473684,4.918490759365935,5.695310541255227,4.169006159014705,85.76797716801866,0.26799317985988697,5.232078956954491,0.05993567760894247,0.0
334,206.0,208.0,1.1283791670955126,0.0,0.0,-90.0,0.0,1.1283791670955126,0.0,0.0
335,222.92,210.68,5.641895835477563,8.623312085331717,3.8441759427700397,-42.41170040184502,0.554211200437823,6.282549314314218,0.10197348986612559,0.0
336,248.66666666666666,209.66666666666666,1.9544100476116797,2.3094010767585034,1.3333333333333335,45.0,0.42264973081037427,2.111004122822376,0.07417990022744858,0.0
337,49.75,211.5,2.256758334191025,4.680205767201096,1.0467444657878988,72.39120351590365,0.7763464860618974,2.763953195770684,0.18350341907227402,0.0
338,115.5,210.0,1.5957691216057308,2.0,0.0,-0.0,1.0,1.5957691216057308,0.0,0.0
339,129.8,212.5,3.5682482323055424,4.09878030638384,2.9933259094191533,-90.0,0.2697032566597785,3.742410318509555,0.046537410754407656,0.0
340,204.0,210.0,1.1283791670955126,0.0,0.0,-90.0,0.0,1.1283791670955126,0.0,0.0
341,206.55555555555554,212.77777777777777,3.385137501286538,6.04990466651555,2.3812304517507292,-75.89918589065265,0.6064019876329387,4.145929793656026,0.18350341907227397,0.0
342,269.3333333333333,211.25,3.9088200952233594,4.167620293867669,3.631321610887408,-19.80534412001329,0.12868223234477075,4.222008245644752,0.07417990022744858,0.0
343,37.6,213.0,2.5231325220201604,3.5777087639996634,1.9595917942265424,-90.0,0.45227744249483387,2.763953195770684,0.08712907082472308,0.0
344,203.5,212.0,1.5957691216057308,2.0,0.0,-0.0,1.0,1.5957691216057308,0.0,0.0
345,119.71428571428571,216.57142857142858,4.222008245644752,6.290469727721532,2.9591419730833963,69.86399390942111,0.5295833059902149,4.787307364817192,0.11808289631180303,0.0
346,233.0,215.0,3.385137501286538,3.265986323710904,3.265986323710904,-90.0,0.0,3.385137501286538,0.0,0.0
347,60.125,217.125,3.1915382432114616,3.4641016151377544,2.7386127875258306,45.0,0.20943058495790512,3.2897623212397704,0.029857499854668026,0.0
348,139.65217391304347,219.2173913043478,5.4115163798060095,6.134224306992571,4.794138976084437,51.44409256288285,0.21846043832804318,5.970821321441846,0.09367303282503432,0.0
349,318.90909090909093,217.36363636363637,3.742410318509555,4.346129984141888,3.067356324605907,74.92930722396234,0.2942327229516735,3.826519928662906,0.021980706156348437,0.0
350,350.0,216.0,1.1283791670955126,0.0,0.0,-90.0,0.0,1.1283791670955126,0.0,0.0
351,151.71929824561403,221.42105263157896,8.51907589177983,9.280518140208676,7.904206268792834,-21.504393068317043,0.14830118864299693,8.95623198216277,0.04881026878865801,0.0
352,302.5,219.5,1.5957691216057308,2.8284271247461903,0.0,45.0,1.0,1.9544100476116797,0.1835034190722739,0.0
353,305.0,219.0,1.1283791670955126,0.0,0.0,-90.0,0.0,1.1283791670955126,0.0,0.0
354,339.625,220.5625,4.51351666838205,5.703568667829772,3.6272309619530043,48.241536846448625,0.36404185288205204,4.918490759365935,0.08233706451775294,0.0
355,213.0,221.0,1.1283791670955126,0.0,0.0,-90.0,0.0,1.1283791670955126,0.0,0.0
356,300.0,222.06666666666666,4.370193722368317,6.620856993818695,3.5533751405704823,-18.983291770152537,0.4633058614786647,5.4700209598571305,0.20106453806303876,0.0
357,184.0,222.0,1.1283791670955126,0.0,0.0,-90.0,0.0,1.1283791670955126,0.0,0.0
358,186.0,223.0,1.1283791670955126,0.0,0.0,-90.0,0.0,1.1283791670955126,0.0,0.0
359,212.0,223.0,1.1283791670955126,0.0,0.0,-90.0,0.0,1.1283791670955126,0.0,0.0
360,375.6363636363636,223.9090909090909,3.742410318509555,4.3461299841418874,3.067356324605907,-15.07069277603768,0.2942327229516734,3.826519928662906,0.021980706156348437,0.0
361,393.875,224.75,3.1915382432114616,4.193407504171718,2.67681405853233,60.12821858176462,0.3616613563386432,3.656366395715726,0.1271284390560305,0.0
362,435.625,223.875,3.1915382432114616,4.47213595499958,2.345207879911715,-66.80140948635182,0.47559557591492424,3.477898169151024,0.08233706451775286,0.0
363,125.66666666666667,226.33333333333334,1.9544100476116797,2.309401076758503,1.3333333333333333,-45.00000000000001,0.4226497308103742,2.111004122822376,0.07417990022744858,0.0
364,315.22727272727275,229.04545454545453,5.292567428401227,6.713856282746965,4.4180510563972835,39.33049906623779,0.34195030838675566,5.753627391751592,0.08013378899220007,0.0
365,330.73015873015873,230.53968253968253,8.95623198216277,15.08697124215571,5.916299376303347,-39.882434719851396,0.6078537380801692,10.186708148166206,0.12079232546040347,0.0
366,5.5,228.0,1.5957691216057308,2.0,0.0,-0.0,1.0,1.5957691216057308,0.0,0.0
367,26.142857142857142,233.23809523809524,5.170882945826411,6.83047724085543,4.19938449004882,15.334463324857468,0.38519896312209934,5.917270272703197,0.12613710249469692,0.0
368,110.16666666666667,231.83333333333334,2.763953195770684,3.1269438398822866,2.309401076758503,44.999999999999986,0.2614510541240037,3.0901936161855166,0.10557280900008405,0.0
369,56.0,232.0,1.1283791670955126,0.0,0.0,-90.0,0.0,1.1283791670955126,0.0,0.0
370,435.5,234.5,2.763953195770684,4.0,1.6329931618554518,71.56505117707799,0.5917517095361371,2.985410660720923,0.07417990022744851,0.0
371,42.44444444444444,236.55555555555554,4.787307364817192,5.741161446810164,3.9785912957290237,79.52867472500587,0.3070058501943781,5.170882945826411,0.07417990022744866,0.0
372,56.44444444444444,236.66666666666666,3.385137501286538,6.0522831109382365,1.6958897324289586,-79.72197739020828,0.7197933901399965,3.656366395715726,0.07417990022744857,0.0
373,155.71428571428572,239.28571428571428,2.985410660720923,4.4558059717396015,2.227581574897305,-63.9374918255491,0.5000721330718918,3.477898169151024,0.14160492472104783,0.0
374,158.0,238.0,1.1283791670955126,0.0,0.0,-90.0,0.0,1.1283791670955126,0.0,0.0
375,347.875,238.875,3.1915382432114616,3.4641016151377544,2.7386127875258306,45.0,0.20943058495790512,3.2897623212397704,0.029857499854668026,0.0
376,265.46666666666664,242.66666666666666,4.370193722368317,5.1488792272695285,3.609268690575713,58.14739503529193,0.2990185764194506,4.652426491681278,0.06066356337227567,0.0
377,315.7692307692308,242.23076923076923,4.068428945128219,4.8987468184356775,3.3498081318351565,70.20593457615853,0.31619080226218865,4.51351666838205,0.09861218113400268,0.0
378,257.6363636363636,244.54545454545453,3.742410318509555,3.9999999999999996,3.468869823334347,71.565051177078,0.13278254416641314,4.145929793656026,0.09732906615155999,0.0
379,174.0,245.0,1.1283791670955126,0.0,0.0,-90.0,0.0,1.1283791670955126,0.0,0.0
380,397.48,248.72,5.641895835477563,8.431217235828285,3.9362133989752213,88.91796784146705,0.5331381829128583,6.180387232371033,0.08712907082472317,0.0
381,400.0,244.0,1.1283791670955126,0.0,0.0,-90.0,0.0,1.1283791670955126,0.0,0.0
382,144.42,250.02,7.978845608028654,8.884684886710065,7.298874876572816,26.97370743839708,0.1784880421037041,8.556358677747903,0.06749519175968619,0.0
383,63.5,249.0,2.763953195770684,5.033222956847166,2.309401076758503,-63.43494882292201,0.5411685322588765,3.385137501286538,0.18350341907227397,0.0
384,78.0,249.5,2.763953195770684,3.265986323710904,2.0,-0.0,0.3876275643042055,2.763953195770684,0.0,0.0
385,131.41666666666666,251.16666666666666,5.527906391541368,7.802781635496102,3.9867752039138757,43.088256177482926,0.4890571862504267,5.970821321441846,0.07417990022744851,0.0
386,195.0,248.5,1.5957691216057308,2.0,0.0,-90.0,1.0,1.5957691216057308,0.0,0.0
387,66.0,250.5,1.5957691216057308,2.0,0.0,-90.0,1.0,1.5957691216057308,0.0,0.0
388,68.0,250.5,1.5957691216057308,2.0,0.0,-90.0,1.0,1.5957691216057308,0.0,0.0
389,165.07142857142858,253.57142857142858,4.222008245644752,7.64565158224733,3.5790107579229034,-30.388103072865974,0.5318893727471029,5.352372348458314,0.21118936225338455,0.0
390,209.71428571428572,252.14285714285714,2.985410660720923,3.5820700954176696,2.4713456540351717,-59.527302049538584,0.3100789241403684,3.1915382432114616,0.0645856533065147,0.0
391,65.0,253.0,1.1283791670955126,0.0,0.0,-90.0,0.0,1.1283791670955126,0.0,0.0
392,67.0,253.0,1.1283791670955126,0.0,0.0,-90.0,0.0,1.1283791670955126,0.0,0.0
393,265.7241379310345,258.7931034482759,6.076507779746499,10.798254186504424,3.874590413914949,83.19787842878891,0.6411836258904349,6.723094811029982,0.09617401649946776,0.0
394,342.0,253.0,1.1283791670955126,0.0,0.0,-90.0,0.0,1.1283791670955126,0.0,0.0
395,86.75,254.75,2.256758334191025,3.4641016151377544,1.4142135623730951,-71.56505117707799,0.591751709536137,2.5231325220201604,0.10557280900008424,0.0
396,252.7058823529412,255.85294117647058,6.579524642479541,9.592523799838615,4.539418962793802,15.233335513410744,0.5267753244594323,6.955796338302048,0.054094697073082704,0.0
397,89.6470588235294,259.88235294117646,4.652426491681278,6.23628542617084,3.6718451091344435,-76.10328629402073,0.41121278802836897,5.170882945826411,0.1002645891575627,0.0
398,185.4848484848485,261.1818181818182,6.4820448144285745,9.715527719615038,5.676921486729416,50.54607981595624,0.41568573004345716,7.735777827895049,0.16206941840360775,2.0
399,204.4,257.4,4.370193722368317,4.618802153517006,4.026578365477733,45.00000000000006,0.12822021129186523,4.442433223290478,0.01626124632407057,0.0
400,292.5,258.0,2.763953195770684,3.265986323710904,2.0,-90.0,0.3876275643042055,2.763953195770684,0.0,0.0
401,311.3448275862069,259.82758620689657,6.076507779746499,7.70522064070772,4.760803156745141,59.17250290755337,0.38213279298023267,6.530966601401967,0.06958523131291343,0.0
402,324.52,258.6,5.641895835477563,6.321500917350273,5.047001699220999,25.51199654115982,0.2016133881482524,6.128667601500942,0.07942538210167674,0.0
403,404.7826086956522,258.60869565217394,5.4115163798060095,6.013934515175301,4.820294404911255,-80.44351313316334,0.19847906678266392,5.753627391751592,0.0594600568740397,0.0
404,430.42105263157896,258.89473684210526,4.918490759365935,5.544698233777088,4.29569521691498,77.17949708784735,0.22526077420290527,4.982787485166879,0.012903766414350901,0.0
405,350.3636363636364,259.09090909090907,3.742410318509555,4.3461299841418874,3.067356324605907,-15.070692776037669,0.2942327229516734,3.826519928662906,0.021980706156348437,0.0
406,372.8333333333333,259.3333333333333,4.787307364817192,5.661327482875316,4.048927706947247,17.296144343754975,0.2848094869631444,4.918490759365935,0.02667147321542483,0.0
407,392.10526315789474,264.0,6.955796338302048,10.601457679829018,5.136066409742711,49.28217138471191,0.5155320556044943,7.817640190446719,0.11024347899739076,0.0
408,417.14285714285717,267.7755102040816,7.898654169668588,13.207771844547942,4.790878190841028,49.24718789490453,0.637268250297747,8.703892974511014,0.09251478702696987,0.0
409,199.08823529411765,267.9117647058824,6.579524642479541,8.656396824716092,4.958060603431675,49.84249995590115,0.4272373709491666,7.001408606295148,0.06025701220127051,0.0
410,216.5,265.0,2.763953195770684,3.265986323710904,2.0,-90.0,0.3876275643042055,2.763953195770684,0.0,0.0
411,46.0,266.0,1.1283791670955126,0.0,0.0,-90.0,0.0,1.1283791670955126,0.0,0.0
412,245.2,268.0,3.5682482323055424,3.919183588453085,3.0983866769659336,-0.0,0.2094305849579051,3.742410318509555,0.046537410754407656,0.0
413,278.0,266.5,1.5957691216057308,2.0,0.0,-90.0,1.0,1.5957691216057308,0.0,0.0
414,304.5,267.0,1.5957691216057308,2.0,0.0,-0.0,1.0,1.5957691216057308,0.0,0.0
415,46.0,268.0,1.1283791670955126,0.0,0.0,-90.0,0.0,1.1283791670955126,0.0,0.0
416,132.0,268.0,1.1283791670955126,0.0,0.0,-90.0,0.0,1.1283791670955126,0.0,0.0
417,134.0,268.0,1.1283791670955126,0.0,0.0,-90.0,0.0,1.1283791670955126,0.0,0.0
418,152.0,268.0,1.1283791670955126,0.0,0.0,-90.0,0.0,1.1283791670955126,0.0,0.0
419,327.7142857142857,269.57142857142856,2.985410660720923,4.155374705678736,1.9054711331003744,8.349622116996812,0.5414442094725279,3.0901936161855166,0.03390821692070405,0.0
420,118.5,271.5,1.5957691216057308,2.8284271247461903,0.0,45.0,1.0,1.9544100476116797,0.1835034190722739,0.0
421,131.5,270.0,1.5957691216057308,2.0,0.0,-0.0,1.0,1.5957691216057308,0.0,0.0
422,134.0,271.0,1.1283791670955126,0.0,0.0,-90.0,0.0,1.1283791670955126,0.0,0.0
423,174.18421052631578,275.10526315789474,6.955796338302048,11.680266907681666,4.554764560410742,-38.89244455741069,0.610046191888368,8.097643889049511,0.14100985007399372,0.0
424,232.02898550724638,274.39130434782606,9.373021315815206,21.654335125174207,5.100757453393164,12.971433031546665,0.7644463603288707,11.283791670955125,0.16933761370819247,0.0
425,345.16129032258067,272.96774193548384,6.282549314314218,8.022178729124253,5.001821431912342,62.98872587881645,0.3765008732910181,6.723094811029982,0.06552718786488047,0.0
426,105.84615384615384,274.46153846153845,4.068428945128219,4.3616645597524775,3.7565911332956428,-76.2235942116411,0.13872534629099775,4.296739856991561,0.05313584705200135,0.0
427,208.5,273.5,1.5957691216057308,2.8284271247461903,0.0,45.0,1.0,1.9544100476116797,0.1835034190722739,0.0
428,314.5,274.2857142857143,4.222008245644752,4.20883424647321,4.120630029101703,-0.0,0.02095692351045145,4.370193722368317,0.03390821692070415,0.0
429,327.0,273.0,1.1283791670955126,0.0,0.0,-90.0,0.0,1.1283791670955126,0.0,0.0
430,205.35294117647058,278.47058823529414,6.579524642479541,7.5953525535291355,5.806501862417326,66.47061714750478,0.23551911231304606,7.1809610472257885,0.08375430541829772,0.0
431,323.0,275.0,1.1283791670955126,0.0,0.0,-90.0,0.0,1.1283791670955126,0.0,0.0
432,325.0,275.0,1.1283791670955126,0.0,0.0,-90.0,0.0,1.1283791670955126,0.0,0.0
433,361.3,275.3,3.5682482323055424,4.0,3.1496031496047245,45.00000000000001,0.21259921259881887,3.989422804014327,0.1055728090000841,0.0
434,396.7073170731707,278.1219512195122,7.225151993843567,8.857112643929748,5.921565713786031,52.801755425885325,0.33143384849639496,7.569397566060481,0.04547859578157652,0.0
435,251.0952380952381,278.1904761904762,5.170882945826411,6.3641058865886775,4.266275203276546,50.34418447520177,0.32963478620507713,5.641895835477563,0.0834848610088319,0.0
436,258.6666666666667,276.3333333333333,1.9544100476116797,2.3094010767585034,1.3333333333333335,-45.0,0.42264973081037427,2.111004122822376,0.07417990022744858,0.0
437,408.7931034482759,282.9310344827586,8.593479713983122,14.179342113231954,5.763656927993553,77.36815376626774,0.5935173238668814,9.440697438826296,0.08974101016720051,0.0
438,44.45454545454545,279.1818181818182,3.742410318509555,4.533315962095487,3.0114583009821128,41.02826409470479,0.33570518221939866,4.068428945128219,0.08013378899220011,0.0
439,269.2758620689655,281.51724137931035,6.076507779746499,9.730034466683474,4.295218565252206,79.77386355586506,0.5585608067515664,7.136496464611085,0.14853068170367992,0.0
440,283.0,279.0,1.1283791670955126,0.0,0.0,-90.0,0.0,1.1283791670955126,0.0,0.0
441,284.78125,281.8125,6.383076486422923,12.264629979212675,5.1721104467129955,24.14144943343918,0.5782905431734013,8.097643889049511,0.2117365774685655,1.0
442,136.5,282.5,3.9088200952233594,3.8297084310253524,3.8297084310253524,-90.0,0.0,4.222008245644752,0.07417990022744858,0.0
443,346.875,282.0,3.1915382432114616,3.4641016151377544,3.122498999199199,-90.0,0.09861218113400261,3.385137501286538,0.05719095841793662,0.0
444,419.8,283.5,3.5682482323055424,4.09878030638384,2.9933259094191533,-90.0,0.2697032566597785,3.742410318509555,0.046537410754407656,0.0
445,183.75,286.0,2.256758334191025,2.8284271247461903,1.7320508075688772,-90.0,0.38762756430420553,2.5231325220201604,0.10557280900008424,0.0
446,243.1904761904762,285.95238095238096,5.170882945826411,5.602338368222782,4.7002407233912535,53.86381472718887,0.16102162803095713,5.4115163798060095,0.04446691409409075,0.0
447,336.5,285.5,4.222008245644752,4.780914437337574,3.5456210417116734,45.0,0.2583801512904336,4.370193722368317,0.03390821692070415,0.0
448,435.09090909090907,287.5,5.292567428401227,7.976689182861577,3.797633007134655,67.40473420945283,0.5239086142037337,6.128667601500942,0.1364244608232545,0.0
449,186.0,287.5,2.256758334191025,4.47213595499958,0.0,-90.0,1.0,2.256758334191025,0.0,0.0
450,218.24137931034483,290.6551724137931,6.076507779746499,11.50371181441011,4.814013035551415,-31.672816786282915,0.5815252404427285,8.058239062071396,0.24592609713610142,0.0
451,58.5,289.5,4.222008245644752,4.780914437337574,3.5456210417116734,45.0,0.2583801512904336,4.370193722368317,0.03390821692070415,0.0
452,129.0,288.0,1.1283791670955126,0.0,0.0,-90.0,0.0,1.1283791670955126,0.0,0.0
453,188.0,289.0,1.1283791670955126,0.0,0.0,-90.0,0.0,1.1283791670955126,0.0,0.0
454,396.875,289.875,3.1915382432114616,3.4641016151377544,2.7386127875258306,45.0,0.20943058495790512,3.2897623212397704,0.029857499854668026,0.0
455,287.75,293.0416666666667,5.527906391541368,6.99705762331126,4.6202532583850155,53.75265921362375,0.3396862642673872,6.282549314314218,0.12011730987188025,0.0
456,239.3846153846154,294.38461538461536,4.068428945128219,4.318667337728677,3.679464844031199,-45.0,0.14800919906779725,4.296739856991561,0.05313584705200135,0.0
457,340.7368421052632,295.36842105263156,4.918490759365935,5.9339034480208905,4.1337584405278225,-66.60813942307206,0.30336607652311276,5.4700209598571305,0.10082780386742814,0.0
458,386.0689655172414,296.2068965517241,6.076507779746499,6.886581066555623,5.785254948281135,57.75853726553563,0.15992349580011916,6.90988298942671,0.12060626944847203,0.0
459,164.0,297.5483870967742,6.282549314314218,9.872335450420369,4.917006317980911,34.18872897919721,0.501940919382805,7.527227892173502,0.16535683463940945,1.0
460,353.375,298.75,4.51351666838205,8.143789801597245,4.735893544770692,-80.00844673905002,0.4184656455840942,5.970821321441846,0.24407105398154558,0.0
461,414.9230769230769,295.38461538461536,4.068428945128219,4.671532635926293,3.5550416724722083,37.83864001089823,0.23899885764850312,4.51351666838205,0.09861218113400268,0.0
462,73.45833333333333,298.5416666666667,5.527906391541368,13.526823422906684,2.510542941931253,-14.45117851810091,0.8144026233328491,6.723094811029982,0.17777354820696198,0.0
463,137.0,297.0,1.1283791670955126,0.0,0.0,-90.0,0.0,1.1283791670955126,0.0,0.0
464,245.89285714285714,297.92857142857144,5.970821321441846,7.367309491385071,4.753977479811573,-22.774071676833287,0.35471999847832997,6.231677632421503,0.04185972483918319,0.0
465,266.4,298.08,5.641895835477563,6.602976335680838,4.781035819823864,20.89898970833892,0.2759271612123856,5.917270272703197,0.046537410754407676,0.0
466,9.5,298.5,2.256758334191025,2.0,2.0,-90.0,0.0,2.256758334191025,0.0,0.0
467,174.80357142857142,305.44642857142856,8.444016491289505,12.571459427939462,6.40386041851592,68.03519767663695,0.49060326247534564,9.373021315815206,0.09911476707709833,0.0
468,356.0,299.0,1.1283791670955126,0.0,0.0,-90.0,0.0,1.1283791670955126,0.0,0.0
469,408.0,300.0,1.1283791670955126,0.0,0.0,-90.0,0.0,1.1283791670955126,0.0,0.0
470,87.5,303.0,1.5957691216057308,2.0,0.0,-0.0,1.0,1.5957691216057308,0.0,0.0
471,226.64705882352942,306.11764705882354,4.652426491681278,10.48324796744148,2.8909457650491954,-42.30945184911307,0.724231862679601,6.023896332520351,0.22767155427876712,0.0
472,353.0,303.0,1.1283791670955126,0.0,0.0,-90.0,0.0,1.1283791670955126,0.0,0.0
473,405.2142857142857,307.17857142857144,5.970821321441846,8.413887237244165,4.338057913041152,63.758919628400896,0.4844169180401312,6.282549314314218,0.0496180733770171,0.0
474,56.0,304.0,1.1283791670955126,0.0,0.0,-90.0,0.0,1.1283791670955126,0.0,0.0
475,58.75,305.375,3.1915382432114616,4.653084472187948,3.0164225325181824,67.09653527244882,0.35173699283825455,3.742410318509555,0.14719713457755823,0.0
476,261.30555555555554,307.1666666666667,6.770275002573076,9.164833184936777,4.973351762545061,-35.67494787982066,0.45734399500918255,7.269074295019226,0.06861936915240054,0.0
477,56.0,306.5,1.5957691216057308,2.0,0.0,-90.0,1.0,1.5957691216057308,0.0,0.0
478,184.40625,314.25,6.383076486422923,19.52003110566001,3.1349259375726266,70.33637620871284,0.8393995419062819,8.667244841319219,0.26354030568134135,0.0
479,230.0,307.0,1.1283791670955126,0.0,0.0,-90.0,0.0,1.1283791670955126,0.0,0.0
480,250.375,308.25,4.51351666838205,4.837183752516743,4.165531580049303,75.12755935152889,0.1388519036759736,4.787307364817192,0.057190958417936574,0.0
481,311.9555555555556,309.26666666666665,7.569397566060481,9.602941339803195,6.348466255493391,5.7148238384877805,0.3389039846385755,8.368283871884005,0.0954659662667091,0.0
482,317.0,307.0,1.1283791670955126,0.0,0.0,-90.0,0.0,1.1283791670955126,0.0,0.0
483,427.0,307.6666666666667,4.787307364817192,5.333333333333333,4.216370213557839,-0.0,0.20943058495790506,4.918490759365935,0.02667147321542483,0.0
484,362.0,314.2463768115942,9.373021315815206,10.589807583972732,8.763435073076833,24.20358808650431,0.17246512709636422,10.092530088080641,0.07129121894966461,0.0
485,376.27272727272725,310.6363636363636,3.742410318509555,4.348458452036872,3.3525616208337774,23.19859051364819,0.22902296116836623,4.145929793656026,0.09732906615155999,0.0
486,419.61538461538464,312.38461538461536,4.068428945128219,4.318667337728677,3.679464844031199,45.0,0.14800919906779725,4.296739856991561,0.05313584705200135,0.0
487,325.46153846153845,316.0769230769231,4.068428945128219,7.547196673359402,4.132230067676858,53.701352065678144,0.4524814647718034,5.917270272703197,0.3124483490476713,0.0
488,344.0,312.0,1.1283791670955126,0.0,0.0,-90.0,0.0,1.1283791670955126,0.0,0.0
489,69.6,315.8,2.5231325220201604,3.0983866769659336,1.7888543819998315,-71.56505117707799,0.4226497308103743,2.6462837142006137,0.04653741075440761,0.0
490,345.75,316.0,4.51351666838205,5.433685472178202,4.413055878803208,-42.14470343125019,0.18783376376878402,5.292567428401227,0.14719713457755831,0.0
491,72.0,316.5,1.5957691216057308,2.0,0.0,-90.0,1.0,1.5957691216057308,0.0,0.0
492,148.0,317.0,1.1283791670955126,0.0,0.0,-90.0,0.0,1.1283791670955126,0.0,0.0
493,163.125,316.875,3.1915382432114616,3.4641016151377544,2.7386127875258306,-45.0,0.20943058495790512,3.2897623212397704,0.029857499854668026,0.0
494,300.90697674418607,320.90697674418607,7.399277020331919,8.754163691217538,6.318617011164923,25.5329954004064,0.278215802898001,7.938851142601841,0.06796627277395766,0.0
495,224.6,323.15,7.136496464611085,8.233868206691799,6.299477308065327,-28.392374253131415,0.23493100084530882,7.611333607551958,0.062385538123009135,0.0
496,262.0,320.0,1.1283791670955126,0.0,0.0,-90.0,0.0,1.1283791670955126,0.0,0.0
497,373.3333333333333,323.125,5.527906391541368,6.08114098657651,4.932066489508718,-19.6048839962283,0.18895705585584271,5.808687281605183,0.04833809713822693,0.0
498,243.05882352941177,325.3529411764706,4.652426491681278,5.73413842687446,3.866984165476213,76.40093602574545,0.3256207162086227,5.292567428401227,0.12095092700846749,0.0
499,262.0,322.0,1.1283791670955126,0.0,0.0,-90.0,0.0,1.1283791670955126,0.0,0.0
500,264.0,323.0,1.1283791670955126,0.0,0.0,-90.0,0.0,1.1283791670955126,0.0,0.0
501,314.0,324.5,2.763953195770684,6.831300510639732,0.0,-90.0,1.0,2.763953195770684,0.0,0.0
502,197.5,326.3333333333333,5.527906391541368,8.404929847623093,4.573041636820076,-32.862779432780286,0.45590960070733627,6.579524642479541,0.15983194958319405,2.0
503,310.5,327.6363636363636,5.292567428401227,6.904434368096213,5.19041003241418,72.92690293669084,0.2482497832989972,6.383076486422923,0.17084380241115005,0.0
504,27.5,327.5,2.256758334191025,2.0,2.0,-90.0,0.0,2.256758334191025,0.0,0.0
505,341.83870967741933,329.5483870967742,6.282549314314218,7.539238642589733,5.552946864455644,-50.42475208864081,0.26346052596257863,7.001408606295148,0.10267352362988574,0.0
506,402.0,328.0,1.1283791670955126,0.0,0.0,-90.0,0.0,1.1283791670955126,0.0,0.0
507,404.0,328.0,1.1283791670955126,0.0,0.0,-90.0,0.0,1.1283791670955126,0.0,0.0
508,417.53125,333.921875,9.0270333367641,15.236629813962281,6.594075421336622,45.101423782215136,0.5672221808989507,10.433694507453072,0.1348190873025998,2.0
509,138.0,330.0,1.1283791670955126,0.0,0.0,-90.0,0.0,1.1283791670955126,0.0,0.0
510,403.0,331.0,2.985410660720923,3.703280399090206,2.138089935299395,-45.0,0.42264973081037427,3.1915382432114616,0.0645856533065147,0.0
511,138.0,332.0,1.1283791670955126,0.0,0.0,-90.0,0.0,1.1283791670955126,0.0,0.0
512,152.375,333.375,3.1915382432114616,5.291502622129181,1.8708286933869707,45.0,0.6464466094067263,3.742410318509555,0.14719713457755823,0.0
513,284.0948275862069,337.2155172413793,12.153015559492998,16.430013857537933,10.676853076117837,17.755482763886313,0.3501616511893933,13.773623058786647,0.11766021854793034,0.0
514,355.6666666666667,333.6666666666667,1.9544100476116797,2.3094010767585034,1.3333333333333335,45.0,0.42264973081037427,2.111004122822376,0.07417990022744858,0.0
515,136.8,337.9,5.046265044040321,7.108869198886383,4.178992547627297,79.51109639356318,0.4121438402211784,5.641895835477563,0.10557280900008396,0.0
516,15.285714285714286,338.14285714285717,2.985410660720923,3.582070095417669,2.4713456540351717,59.52730204953857,0.31007892414036836,3.1915382432114616,0.0645856533065147,0.0
517,351.52941176470586,339.3529411764706,4.652426491681278,4.957954707224818,4.338609156373123,78.69006752597979,0.12491956611648222,4.853342309955121,0.04139741346117837,0.0
518,369.0,338.34615384615387,5.753627391751592,6.492464878549776,5.046702049452253,71.9145966163164,0.22268319600374392,5.970821321441846,0.03637588834056854,0.0
519,392.34615384615387,339.11538461538464,5.753627391751592,6.789278463585181,4.81249787674976,-29.467417557250695,0.29116210175175994,5.917270272703197,0.027655130391204527,0.0
520,330.59375,341.3125,6.383076486422923,6.814514066057854,6.0711838255400945,-89.81306699403537,0.10908044701531752,6.863662517577698,0.0700188900494457,0.0
521,179.69230769230768,342.3076923076923,4.068428945128219,7.517785243108301,2.110288899579033,50.450633826515045,0.7192938037816955,4.652426491681278,0.1255253678047938,0.0
522,245.0,340.0,1.9544100476116797,3.265986323710904,0.0,-0.0,1.0,1.9544100476116797,0.0,0.0
523,263.4,343.84,5.641895835477563,6.368023411778668,5.30647508493527,38.06799390772575,0.1666998153429989,6.231677632421503,0.09464253957481483,1.0
524,304.0,341.0,1.1283791670955126,0.0,0.0,-90.0,0.0,1.1283791670955126,0.0,0.0
525,314.4736842105263,346.4078947368421,9.83698151873187,14.080461051511474,11.046033442101079,23.326612130557546,0.2155062677499941,12.179179240065665,0.19231162257869577,0.0
526,3.888888888888889,343.3333333333333,3.385137501286538,3.8857533750574067,2.795442890696133,-69.69935267749776,0.28059178726060197,3.656366395715726,0.07417990022744857,0.0
527,116.125,344.125,3.1915382432114616,3.4641016151377544,2.7386127875258306,45.0,0.20943058495790512,3.2897623212397704,0.029857499854668026,0.0
528,162.5,343.5,1.5957691216057308,2.8284271247461903,0.0,45.0,1.0,1.9544100476116797,0.1835034190722739,0.0
529,109.26086956521739,346.7391304347826,5.4115163798060095,7.164443203216021,4.1772696304173875,22.86169655971383,0.41694427439354004,5.917270272703197,0.08547081163932423,0.0
530,342.78723404255317,348.59574468085106,7.735777827895049,8.500257839699191,7.072734300388552,39.458526406620074,0.1679388515303151,8.253382073025046,0.062714198924791,0.0
531,420.63157894736844,346.94736842105266,4.918490759365935,5.706236008175414,4.175323993751542,55.65132788874145,0.2682875387962415,5.232078956954491,0.05993567760894247,0.0
532,160.0,349.5,4.51351666838205,10.198039027185569,2.0,63.43494882292201,0.803883864861816,5.292567428401227,0.14719713457755831,0.0
533,364.7142857142857,347.0,2.985410660720923,3.0237157840738176,2.799416848895061,-90.0,0.07417990022744843,3.1915382432114616,0.0645856533065147,0.0
534,376.8125,347.8958333333333,7.817640190446719,11.660661765288879,5.287676498338908,2.4674782240554434,0.5465371859014803,8.097643889049511,0.03457841594904449,0.0
535,392.61538461538464,348.38461538461536,4.068428945128219,4.318667337728677,3.679464844031199,45.0,0.14800919906779725,4.296739856991561,0.05313584705200135,0.0
536,428.0,347.5,4.787307364817192,5.542593461893073,3.993284911303827,23.109437617565654,0.27952772672958764,4.918490759365935,0.02667147321542483,0.0
537,147.55555555555554,350.94444444444446,4.787307364817192,5.787189792294699,4.185783079302176,-78.34254832741624,0.27671577578545997,5.232078956954491,0.08500857800437206,0.0
538,297.46153846153845,351.79487179487177,7.046725639945928,10.376933559891107,5.026267562212756,63.45835037161005,0.515630746481767,7.735777827895049,0.0890734200592491,0.0
539,436.0,350.0,1.1283791670955126,0.0,0.0,-90.0,0.0,1.1283791670955126,0.0,0.0
540,268.5263157894737,355.1578947368421,4.918490759365935,6.017518285455347,3.9216707389888747,-71.56505117707799,0.3482910141764329,5.170882945826411,0.04881026878865821,0.0
541,356.25,355.5625,4.51351666838205,4.999309771558982,3.9930441780670143,-27.99032500508677,0.20128090465939955,4.787307364817192,0.057190958417936574,0.0
542,260.84615384615387,358.53846153846155,4.068428945128219,4.3616645597524775,3.7565911332956428,76.22359421164107,0.13872534629099775,4.296739856991561,0.05313584705200135,0.0
543,429.90909090909093,357.6363636363636,3.742410318509555,4.3461299841418874,3.067356324605907,-74.92930722396233,0.2942327229516734,3.826519928662906,0.021980706156348437,0.0
544,102.33333333333333,359.6666666666667,1.9544100476116797,2.309401076758503,1.3333333333333335,-45.0,0.42264973081037416,2.111004122822376,0.07417990022744858,0.0
545,244.0,358.0,1.1283791670955126,0.0,0.0,-90.0,0.0,1.1283791670955126,0.0,0.0
546,282.75,360.0,2.256758334191025,2.8284271247461903,1.7320508075688772,-90.0,0.38762756430420553,2.5231325220201604,0.10557280900008424,0.0
547,299.9230769230769,360.38461538461536,4.068428945128219,4.671532635926293,3.5550416724722083,37.83864001089823,0.23899885764850312,4.51351666838205,0.09861218113400268,0.0
548,54.88461538461539,363.7692307692308,5.753627391751592,8.524249628238623,4.653675418708592,-59.41238572408077,0.45406626721815196,6.723094811029982,0.14419957572037684,0.0
549,178.0,360.0,1.1283791670955126,0.0,0.0,-90.0,0.0,1.1283791670955126,0.0,0.0
550,375.77142857142854,363.8,6.6755811781245455,10.146069261185342,4.6147205651229495,-65.98270574341406,0.545171588491224,7.269074295019226,0.08164631324532506,0.0
551,3.0,362.0,1.1283791670955126,0.0,0.0,-90.0,0.0,1.1283791670955126,0.0,0.0
552,49.333333333333336,363.6666666666667,1.9544100476116797,2.3094010767585034,1.3333333333333335,-45.0,0.42264973081037427,2.111004122822376,0.07417990022744858,0.0
553,178.0,362.0,1.1283791670955126,0.0,0.0,-90.0,0.0,1.1283791670955126,0.0,0.0
554,317.0769230769231,365.3076923076923,5.753627391751592,6.651588317750389,4.92957924668946,-83.9716187330837,0.2588868987074238,6.128667601500942,0.0611944119236456,0.0
555,328.32,364.44,5.641895835477563,7.354970347594297,4.313746768878374,48.48048151312427,0.41349229636400403,6.023896332520351,0.06341418841830612,0.0
556,345.8857142857143,367.8285714285714,6.6755811781245455,13.12439029246807,4.862368183193158,-23.87501152424658,0.6295166423095774,8.253382073025046,0.19117022342359605,0.0
557,405.05,367.1,5.046265044040321,5.215361924162119,4.79583152331272,26.565051177078047,0.08044128230214803,5.352372348458314,0.057190958417936574,0.0
558,153.5,367.7857142857143,4.222008245644752,5.8293913431975355,3.4013551675790787,-52.16996425067112,0.41651624203473553,4.918490759365935,0.14160492472104783,0.0
559,226.28571428571428,368.57142857142856,2.985410660720923,6.449982205124153,1.4672530778288027,-80.3325957310868,0.7725182750638984,3.5682482323055424,0.1633399734659245,0.0
560,306.93333333333334,371.3333333333333,6.180387232371033,7.832004675376743,4.8177602551380625,72.66593957674246,0.38486243882300625,6.579524642479541,0.06066356337227576,0.0
561,427.2857142857143,369.0,2.985410660720923,3.0237157840738176,2.7994168488950604,-90.0,0.07417990022744857,3.1915382432114616,0.0645856533065147,0.0
562,40.285714285714285,372.0,2.985410660720923,3.0237157840738176,2.7994168488950604,-90.0,0.07417990022744857,3.1915382432114616,0.0645856533065147,0.0
563,130.66666666666666,371.3333333333333,4.370193722368317,7.534213999986009,3.494767113870764,-12.259821344095378,0.5361470866267863,5.352372348458314,0.18350341907227394,0.0
564,159.42857142857142,371.5,4.222008245644752,5.108680446123902,3.71749262895437,-34.27613183644733,0.2723184258324603,4.652426491681278,0.09251478702696982,1.0
565,276.53333333333336,372.3333333333333,4.370193722368317,5.148879227269528,3.609268690575713,58.14739503529192,0.2990185764194505,4.652426491681278,0.06066356337227567,0.0
566,288.625,375.125,4.51351666838205,7.378116773446326,3.8811587029378187,-69.81773171345131,0.47396350286755823,5.4700209598571305,0.17486300299296528,0.0
567,254.4,376.725,7.136496464611085,8.405581122844032,6.097229369745582,-84.90727732310673,0.2746213164042866,7.48482063701911,0.046537410754407656,0.0
568,290.0,373.0,1.1283791670955126,0.0,0.0,-90.0,0.0,1.1283791670955126,0.0,0.0
569,325.1363636363636,374.54545454545456,5.292567428401227,6.090848401291355,4.595262972403688,74.56893382994608,0.245546323000024,5.698035485213008,0.07115927197435196,0.0
570,360.49122807017545,376.94736842105266,8.51907589177983,11.60510217384101,6.974558918645453,60.79966888050668,0.39900926211862536,9.507891862878783,0.10399949698203247,2.0
571,135.0,375.0,1.1283791670955126,0.0,0.0,-90.0,0.0,1.1283791670955126,0.0,0.0
572,433.2,375.5,3.5682482323055424,4.09878030638384,2.9933259094191533,-90.0,0.2697032566597785,3.742410318509555,0.046537410754407656,0.0
573,66.0,376.25,2.256758334191025,2.8284271247461903,1.7320508075688772,-0.0,0.38762756430420553,2.5231325220201604,0.10557280900008424,0.0
574,268.3636363636364,378.1818181818182,3.742410318509555,4.972652484064488,2.7453943400984544,37.8749836510982,0.4479014270761072,4.068428945128219,0.08013378899220011,0.0
575,313.35,379.725,7.136496464611085,9.488088741728843,5.514179179993914,47.863903128043916,0.4188314074527548,7.817640190446719,0.08712907082472308,0.0
576,378.2857142857143,379.5,4.222008245644752,4.20883424647321,4.120630029101703,-90.0,0.02095692351045145,4.370193722368317,0.03390821692070415,0.0
577,419.0,380.5,3.9088200952233594,4.47213595499958,3.265986323710904,-90.0,0.26970325665977857,3.9088200952233594,0.0,0.0
578,163.51111111111112,383.75555555555553,7.569397566060481,13.624094037176478,4.442651020047084,35.432125997666475,0.6739121876343273,8.406235467365967,0.09954966221850355,0.0
579,201.0,384.3,3.5682482323055424,7.627918540210174,2.444352418109527,68.80409994309426,0.6795518456018833,4.652426491681278,0.2330350111526295,0.0
580,213.0,381.5,1.5957691216057308,2.0,0.0,-90.0,1.0,1.5957691216057308,0.0,0.0
581,297.2173913043478,383.7826086956522,5.4115163798060095,6.610983585651552,4.491537937441725,45.00000000000003,0.3205946015067806,5.970821321441846,0.09367303282503432,0.0
582,388.8181818181818,381.8181818181818,3.742410318509555,3.8138503569823694,3.6725472503134826,44.9999999999999,0.0370499871370648,4.068428945128219,0.08013378899220011,0.0
583,347.6111111111111,384.8888888888889,4.787307364817192,7.6429386399249015,3.311828044407744,64.43700724709386,0.5666813250197329,5.585191925620057,0.14285714285714285,0.0
584,402.1818181818182,383.1818181818182,3.742410318509555,3.8138503569823694,3.672547250313483,44.99999999999986,0.037049987137064685,4.068428945128219,0.08013378899220011,0.0
585,263.52777777777777,387.6666666666667,6.770275002573076,10.647851770907215,5.572732851144062,-8.582951537999133,0.4766331302272387,7.978845608028654,0.15147186257614295,0.0
586,290.34615384615387,390.0,5.753627391751592,6.492464878549775,5.046702049452253,18.085403383683616,0.2226831960037438,5.970821321441846,0.03637588834056854,0.0
587,357.14285714285717,391.3333333333333,5.170882945826411,6.183901492202602,4.368480899956322,75.74673121600385,0.2935720425908107,5.641895835477563,0.0834848610088319,0.0
588,387.21153846153845,393.65384615384613,8.136857890256438,17.025777106481243,4.4494348105615495,57.4330288924079,0.738664803213724,9.574614729634384,0.15016341440120248,0.0
589,69.85714285714286,392.7142857142857,5.170882945826411,5.812241798134115,4.822018134087106,48.56250817445091,0.17036862856684612,5.4115163798060095,0.04446691409409075,0.0
590,122.25,390.25,2.256758334191025,3.4641016151377544,1.4142135623730951,-18.43494882292201,0.591751709536137,2.5231325220201604,0.10557280900008424,0.0
591,151.40625,392.34375,6.383076486422923,7.484675360952722,5.607885942237702,42.37309862436887,0.25075094485809796,6.770275002573076,0.05719095841793662,0.0
592,340.38461538461536,392.61538461538464,4.068428945128219,4.318667337728677,3.679464844031199,45.0,0.14800919906779725,4.296739856991561,0.05313584705200135,0.0
593,370.65909090909093,394.0,7.48482063701911,8.243975033871365,6.954077199060448,60.71592782989139,0.1564655193048519,8.018640596081465,0.06657237628572858,0.0
594,135.5,392.0,1.5957691216057308,2.0,0.0,-0.0,1.0,1.5957691216057308,0.0,0.0
595,50.5,396.0,2.763953195770684,5.033222956847166,2.309401076758503,-63.43494882292201,0.5411685322588765,3.385137501286538,0.18350341907227397,0.0
596,208.2941176470588,397.8529411764706,6.579524642479541,6.846121234471064,6.4251749530944675,-12.298340253604367,0.06148682837474161,7.046725639945928,0.06630043815214748,0.0
597,76.5,397.5,2.256758334191025,2.0,2.0,-90.0,0.0,2.256758334191025,0.0,0.0
598,352.3488372093023,399.8837209302326,7.399277020331919,9.69812455502996,5.703265260452074,47.889775371502466,0.41192080715296037,7.898654169668588,0.06322306795685702,0.0
599,419.5,397.5,2.256758334191025,2.0,2.0,-90.0,0.0,2.256758334191025,0.0,0.0
600,428.0,398.0,3.385137501286538,3.265986323710904,3.265986323710904,-90.0,0.0,3.385137501286538,0.0,0.0
601,121.83333333333333,398.8333333333333,2.763953195770684,3.1269438398822866,2.3094010767585034,-45.00000000000001,0.26145105412400355,3.0901936161855166,0.10557280900008405,0.0
602,322.8888888888889,401.0,3.385137501286538,4.765444507968495,3.297087435154421,-32.14502310959436,0.30812594089780593,4.222008245644752,0.19821627426272684,0.0
603,394.9583333333333,406.52777777777777,9.574614729634384,17.138792148029474,5.637130103643915,36.797477353189656,0.6710894177982056,10.734438914006276,0.10804702450340053,0.0
604,130.5,406.35714285714283,4.222008245644752,8.005957049179074,2.300523164139132,68.56887486275446,0.7126485753036825,4.918490759365935,0.14160492472104783,0.0
605,227.0,403.0,1.1283791670955126,0.0,0.0,-90.0,0.0,1.1283791670955126,0.0,0.0
606,11.5,405.5,1.5957691216057308,2.8284271247461903,0.0,45.0,1.0,1.9544100476116797,0.1835034190722739,0.0
607,313.037037037037,408.22222222222223,5.863230142835039,7.9620589467467315,5.143949131222737,-78.89697408468261,0.353942345111055,6.627726932618989,0.11534826307061728,0.0
608,365.5,405.5,3.9088200952233594,3.8297084310253524,3.8297084310253524,-90.0,0.0,4.222008245644752,0.07417990022744858,0.0
609,376.875,407.3333333333333,5.527906391541368,6.08114098657651,4.932066489508718,70.39511600377172,0.18895705585584271,5.808687281605183,0.04833809713822693,0.0
610,420.6730769230769,411.11538461538464,8.136857890256438,10.218891324768562,6.687907463954336,-84.06269069360212,0.3455349263041698,8.556358677747903,0.04902795725270844,0.0
611,211.5,411.5,2.256758334191025,2.0,2.0,-90.0,0.0,2.256758334191025,0.0,0.0
612,354.64285714285717,412.9642857142857,5.970821321441846,6.345265736679707,5.703816362600175,-2.7273378490634093,0.10109101820141946,6.333012368467128,0.05719095841793658,0.0
613,406.88235294117646,412.5882352941176,4.652426491681278,5.181899763382574,4.041201040002321,15.171624442119775,0.22013137564738272,4.853342309955121,0.04139741346117837,0.0
614,2.909090909090909,415.0,3.742410318509555,4.596473335205269,3.0472374405751204,75.28627179840514,0.33704881583109697,4.068428945128219,0.08013378899220011,0.0
615,323.0833333333333,417.75,7.817640190446719,12.952994620342793,5.754026351543721,45.236363363895094,0.5557763652192852,9.201653640780462,0.15040920951425363,1.0
616,380.3333333333333,414.75,3.9088200952233594,4.167620293867669,3.631321610887408,19.80534412001329,0.12868223234477075,4.222008245644752,0.07417990022744858,0.0
617,429.42105263157896,416.89473684210526,4.918490759365935,5.544698233777088,4.29569521691498,77.17949708784735,0.22526077420290527,4.982787485166879,0.012903766414350901,0.0
618,397.0508474576271,423.52542372881356,8.667244841319219,19.04296876221628,4.429301997840616,63.23563726797425,0.7674048593395308,10.060941497019325,0.13852547061455486,0.0
619,2.727272727272727,422.54545454545456,3.742410318509555,4.953201186596209,2.964475004901996,41.139087099934514,0.4015032111103983,4.145929793656026,0.09732906615155999,0.0
620,299.8,422.0,3.5682482323055424,3.9191835884530852,3.0983866769659336,-0.0,0.2094305849579052,3.742410318509555,0.046537410754407656,0.0
621,371.25714285714287,423.74285714285713,6.6755811781245455,9.521895893947274,4.734720711666436,38.41803933744534,0.502754413154619,7.269074295019226,0.08164631324532506,0.0
622,185.0,422.0,1.1283791670955126,0.0,0.0,-90.0,0.0,1.1283791670955126,0.0,0.0
623,284.0,423.0,1.9544100476116797,3.265986323710904,0.0,-90.0,1.0,1.9544100476116797,0.0,0.0
624,286.0,423.0,1.1283791670955126,0.0,0.0,-90.0,0.0,1.1283791670955126,0.0,0.0
625,286.0,425.0,1.1283791670955126,0.0,0.0,-90.0,0.0,1.1283791670955126,0.0,0.0
626,337.80645161290323,427.5483870967742,6.282549314314218,7.018683057325422,5.61432153968855,21.473224718244506,0.20008903467597602,6.6755811781245455,0.058876051885679744,0.0
627,428.5,425.77777777777777,4.787307364817192,5.258737584977436,4.268749491621899,-90.0,0.1882558460767509,4.918490759365935,0.02667147321542483,0.0
628,156.125,428.125,3.1915382432114616,3.4641016151377544,2.7386127875258306,45.0,0.20943058495790512,3.2897623212397704,0.029857499854668026,0.0
629,267.57142857142856,429.7142857142857,5.970821321441846,7.735606724251275,4.772068053336798,68.12462133934862,0.3831035853495145,6.579524642479541,0.09251478702696982,0.0
630,325.5,427.5,3.9088200952233594,3.8297084310253524,3.8297084310253524,-90.0,0.0,4.222008245644752,0.07417990022744858,0.0
631,6.884615384615385,432.11538461538464,5.753627391751592,13.45140367391748,3.6187348838923303,33.56514477370532,0.7309771551270056,7.356132180109627,0.2178461111249572,0.0
632,289.0,429.0,1.1283791670955126,0.0,0.0,-90.0,0.0,1.1283791670955126,0.0,0.0
633,306.0,429.0,1.1283791670955126,0.0,0.0,-90.0,0.0,1.1283791670955126,0.0,0.0
634,358.8181818181818,431.969696969697,6.4820448144285745,8.172223204868605,5.12317357381157,-51.23737542662729,0.37309916220112077,6.955796338302048,0.0681088837039066,0.0
635,377.70588235294116,431.29411764705884,4.652426491681278,5.224377249688121,4.122685992455348,-44.99999999999999,0.21087513488780715,5.108953969950291,0.08935830719051381,0.0
636,308.2857142857143,432.14285714285717,2.985410660720923,4.676316804563779,3.284071005298789,-67.5,0.29772272868815247,3.826519928662906,0.21981050239450603,0.0
637,310.0,431.0,1.1283791670955126,0.0,0.0,-90.0,0.0,1.1283791670955126,0.0,0.0
638,404.3333333333333,431.1111111111111,3.385137501286538,3.8857533750574067,2.795442890696133,20.300647322502233,0.28059178726060197,3.656366395715726,0.07417990022744857,0.0
639,329.69565217391306,435.4347826086956,5.4115163798060095,6.226464344267564,4.776136726918,53.59927061003291,0.23292956277583407,5.970821321441846,0.09367303282503432,0.0
640,344.7692307692308,433.84615384615387,4.068428945128219,4.706787243316417,3.5082320772281173,-78.69006752597979,0.25464400750007005,4.51351666838205,0.09861218113400268,0.0
641,55.166666666666664,434.8333333333333,2.763953195770684,3.1269438398822866,2.309401076758503,45.00000000000001,0.2614510541240037,3.0901936161855166,0.10557280900008405,0.0
642,313.0,435.0,1.1283791670955126,0.0,0.0,-90.0,0.0,1.1283791670955126,0.0,0.0